"protein","supertype","peptide","predictor","seq_num","score","file"
"esxa","I_A01+I_A02+I_A03+I_A24+I_A26+I_B07+I_B08+I_B27+I_B44+I_B58+I_B62+N_A01+N_A02+N_A03+N_A24+N_A26+N_B07+N_B08+N_B27+N_B44+N_B58+N_B62","AAASAIQGN","I+N+S","1+P9WNK7_ESXA","I_B1517_12477.02+I_B3501_16654.12+I_B4402_25345.07+I_A0211_20856.96+I_B5701_17202.09+I_B5301_33476.27+I_A6601_21105.3+I_A3002_20416.43+I_B5801_8639.74+I_B4501_37812.73+I_A0206_18575.43+I_B5101_30777.97+I_A3001_20920.24+I_B0702_28600.68+I_B4403_35991.61+I_B1402_22696.76+I_A6801_32828.11+I_B4001_26927.64+I_A0203_26456.9+I_A1101_27690.52+I_A2601_29732.82+I_B1501_27575.71+I_B2705_29913.21+I_A0101_30247.12+I_A3201_39869.8+I_A0201_37072.98+I_B4801_38373.65+I_A2402_41504.57+I_A0301_33677.15+I_A2301_40576.11+I_A3101_33369.94+I_B3503_47743.57+I_B1801_36607.44+I_B3801_45554.93+I_A3301_45770.34+I_B0801_38096.89+N_A0101_39336.3+N_A0201_39312.9+N_A0301_33040.5+N_A2402_45548.5+N_A2601_36968.1+N_B0702_33242.7+N_B0801_39518.1+N_B2705_38201.7+N_B4001_40737.1+N_B5801_10849.1+N_B1501_22221.5","datai_mtb_esxa/esxa_iedb.csv"
"esxa","I_A01+I_A02+I_A03+I_A24+I_A26+I_B07+I_B08+I_B27+I_B44+I_B58+I_B62+N_A01+N_A02+N_A03+N_A24+N_A26+N_B07+N_B08+N_B27+N_B44+N_B58+N_B62","AAAWGGSGS","I+N+S","1+P9WNK7_ESXA","I_B0702_11963.56+I_B1517_12830.23+I_B3501_10249.94+I_A3002_15462.25+I_B4501_33524.1+I_A2601_22810.01+I_A0203_7424.2+I_A6601_20825.61+I_B4402_21428.83+I_B4001_23843.89+I_A1101_24539.04+I_A0211_24528.69+I_A6801_24501.1+I_B1402_20799.27+I_B1501_21723.9+I_B5101_30043.92+I_B5301_35933.23+I_B4801_34090.32+I_A0206_16853.34+I_B2705_28472.54+I_A0301_29297.56+I_A0101_30457.31+I_B5801_22794.72+I_A3001_21060.13+I_B5701_33238.77+I_B4403_44041.34+I_A0201_36557.56+I_A3101_34024.73+I_B3503_47169.51+I_B3801_42828.46+I_B0801_33210.38+I_B1801_34758.88+I_A3201_44685.98+I_A3301_44671+I_A2402_45436.8+I_A2301_43823.16+N_A0101_34822.9+N_A0201_30535.8+N_A0301_29903.5+N_A2402_45901.8+N_A2601_32044.8+N_B0702_11137.3+N_B0801_32129.5+N_B2705_33625.8+N_B4001_32565.6+N_B5801_25368.4+N_B1501_17128.3","datai_mtb_esxa/esxa_iedb.csv"
"esxa","I_A01+I_A02+I_A03+I_A24+I_A26+I_B07+I_B08+I_B27+I_B44+I_B58+I_B62+N_A01+N_A02+N_A03+N_A24+N_A26+N_B07+N_B08+N_B27+N_B44+N_B58+N_B62","AASAIQGNV","I+N+S","1+P9WNK7_ESXA","I_A0203_560.7+I_A3002_3034.04+I_B5101_14887.34+I_B5701_12439.68+I_B1517_14214.25+I_B0702_15450.05+I_B4501_21886.92+I_A0211_10195.08+I_B4402_22359.43+I_B5801_3724.93+I_A0201_10634.48+I_A0206_6917.39+I_A2601_21712.15+I_A0101_22659.47+I_A1101_19759.87+I_A3001_6525.15+I_B4001_24671.89+I_A6601_16007.5+I_A0301_21290.17+I_B4801_33275.49+I_A3101_22615.14+I_B5301_28467.62+I_B1501_18952.23+I_B1402_20911.18+I_B3501_23531.22+I_A6801_31329.31+I_B2705_27234.71+I_A3201_37448.73+I_B4403_41739.66+I_B3801_41991.97+I_B0801_30354.65+I_A2402_41081.93+I_A2301_40378.16+I_A3301_42791.41+I_B3503_46597.31+I_B1801_36211.9+N_A0101_28758.6+N_A0201_9465.9+N_A0301_26395.1+N_A2402_36151.2+N_A2601_24799.6+N_B0702_12927.5+N_B0801_28039+N_B2705_30075.2+N_B4001_27810+N_B5801_3248.9+N_B1501_12143.1","datai_mtb_esxa/esxa_iedb.csv"
"esxa","I_A01+I_A02+I_A03+I_A24+I_A26+I_B07+I_B08+I_B27+I_B44+I_B58+I_B62+N_A01+N_A02+N_A03+N_A24+N_A26+N_B07+N_B08+N_B27+N_B44+N_B58+N_B62","AAWGGSGSE","I+N+S","1+P9WNK7_ESXA","I_A3002_4537.12+I_B0702_11522.46+I_B4801_21432.53+I_B3501_10379.62+I_B1402_18421.33+I_B4501_29683.33+I_B1501_15831.13+I_A3201_30435.24+I_A6601_20717.51+I_B1517_19743.21+I_B4001_22730.69+I_A1101_26481.25+I_B5701_23706.79+I_B5101_30219.31+I_A0206_18505.63+I_A2601_24472.49+I_B5301_38235.24+I_B4402_29024.33+I_A6801_39329.1+I_A3301_37906.93+I_A0211_27882.32+I_B2705_33263.96+I_A0301_30907.12+I_A3001_28630.39+I_B4403_42706.31+I_B0801_28559.54+I_B3503_46463.89+I_B5801_20597.26+I_A0203_35202.45+I_B1801_34006.7+I_A3101_33506.33+I_A0201_35878.47+I_B3801_44702.9+I_A0101_36182.14+I_A2301_43245.67+I_A2402_45772.32+N_A0101_41035.7+N_A0201_29152.4+N_A0301_23179.5+N_A2402_45447.1+N_A2601_37755.9+N_B0702_15405.1+N_B0801_34760.4+N_B2705_33109.9+N_B4001_35138.9+N_B5801_25420+N_B1501_16951.4","datai_mtb_esxa/esxa_iedb.csv"
"esxa","I_A01+I_A02+I_A03+I_A24+I_A26+I_B07+I_B08+I_B27+I_B44+I_B58+I_B62+N_A01+N_A02+N_A03+N_A24+N_A26+N_B07+N_B08+N_B27+N_B44+N_B58+N_B62","AGIEAAASA","I+N+S","1+P9WNK7_ESXA","I_A0206_2840.81+I_B4501_11880.23+I_A0211_10148.42+I_A3001_6679.52+I_B1402_15713.54+I_B1501_6535.19+I_B0702_18782.99+I_A0203_7971.17+I_B4402_23489.5+I_A3002_15059.55+I_A6601_18311.83+I_B4403_32999.76+I_A0201_19256.71+I_B3501_20785.99+I_B5801_21728.13+I_B1517_25101.37+I_A2601_28863.35+I_B4001_26771.93+I_B1801_30938.23+I_A3201_40628.4+I_B5101_33876.33+I_B5701_27483.06+I_B2705_27745.99+I_A1101_30665.3+I_B0801_27850.37+I_B4801_37597.73+I_B3503_44517.08+I_B3801_41443.99+I_A0101_31238.61+I_A2402_41161.56+I_A2301_43502.85+I_A0301_34272.64+I_B5301_42994.2+I_A6801_41890.32+I_A3101_36732.02+I_A3301_45027.66+N_A0101_39933.7+N_A0201_12713+N_A0301_33135.4+N_A2402_40945.3+N_A2601_32536.4+N_B0702_21667.8+N_B0801_22371.8+N_B2705_34237.5+N_B4001_29389.6+N_B5801_19329.3+N_B1501_8781.7","datai_mtb_esxa/esxa_iedb.csv"
"esxa","I_A01+I_A02+I_A03+I_A24+I_A26+I_B07+I_B08+I_B27+I_B44+I_B58+I_B62+N_A01+N_A02+N_A03+N_A24+N_A26+N_B07+N_B08+N_B27+N_B44+N_B58+N_B62","AGQAMASTE","I+N+S","1+P9WNK7_ESXA","I_A3002_16316.3+I_B0702_26359.47+I_B1402_26905.22+I_B4501_33909.34+I_B4402_27115.34+I_B3501_26883.4+I_B1501_23017.03+I_B4801_34397.84+I_A6601_24812.98+I_B1517_26762.38+I_A1101_29796.26+I_B4403_39195.71+I_A3201_39077.13+I_B4001_32035.11+I_B1801_34162.33+I_B0801_28568.83+I_A0211_38937.02+I_B2705_32441.46+I_B5301_40463.88+I_A3001_29604.11+I_A6801_41169.58+I_A2402_39588.66+I_A0206_39622.53+I_B5101_33606.55+I_B3503_46304.31+I_A2301_39552.27+I_B5701_32720.31+I_B3801_41229.76+I_A3101_34556.77+I_A0203_35771.87+I_B5801_26741.81+I_A0301_38828.49+I_A0101_35236+I_A2601_35136.63+I_A3301_41999.23+I_A0201_39301.87+N_A0101_43268.6+N_A0201_39831+N_A0301_33863.5+N_A2402_43726.1+N_A2601_45622+N_B0702_35502.3+N_B0801_32717.8+N_B2705_37464.1+N_B4001_42402.9+N_B5801_30541.1+N_B1501_28702.7","datai_mtb_esxa/esxa_iedb.csv"
"esxa","I_A01+I_A02+I_A03+I_A24+I_A26+I_B07+I_B08+I_B27+I_B44+I_B58+I_B62+N_A01+N_A02+N_A03+N_A24+N_A26+N_B07+N_B08+N_B27+N_B44+N_B58+N_B62","AIQGNVTSI","I+N+S","1+P9WNK7_ESXA","I_A3201_91.77+I_A0203_54.88+I_A0211_48.27+I_B1501_2578.95+I_B0702_3872.22+I_A0201_1465.76+I_B1402_5270.33+I_B4402_19747.49+I_A2601_16119.25+I_A0206_1038.4+I_B1517_4757.88+I_A2402_17605.6+I_B4501_21939.81+I_B5801_14924.75+I_B4001_23540.13+I_B4801_28584.58+I_B0801_14802.21+I_A1101_19168.98+I_A3002_8025.6+I_A2301_23130.37+I_B5101_25265.66+I_B3801_31740.12+I_B2705_20113.41+I_B5701_20458.01+I_A6601_12684.05+I_B4403_36705+I_A0101_26708.28+I_A0301_22515.04+I_A3001_6214.73+I_B5301_23109.6+I_B3501_31647.53+I_B1801_27701.6+I_A3101_27926.41+I_B3503_44361.29+I_A6801_37226.12+I_A3301_44558.04+N_A0101_34393+N_A0201_1636.6+N_A0301_22772.3+N_A2402_18429.5+N_A2601_18325.7+N_B0702_5038+N_B0801_8430+N_B2705_27777.2+N_B4001_26897.4+N_B5801_20528.5+N_B1501_3954.1","datai_mtb_esxa/esxa_iedb.csv"
"esxa","I_A01+I_A02+I_A03+I_A24+I_A26+I_B07+I_B08+I_B27+I_B44+I_B58+I_B62+N_A01+N_A02+N_A03+N_A24+N_A26+N_B07+N_B08+N_B27+N_B44+N_B58+N_B62","ALQNLARTI","I+N+S","1+P9WNK7_ESXA","I_A3201_87.17+I_A0211_23.48+I_B4402_7125.68+I_A0203_215.73+I_A0201_1695.04+I_B1501_4140.89+I_B0702_11181.53+I_A2402_15439.01+I_B4403_26634.4+I_B2705_15064.27+I_B5101_24165.43+I_A0206_3810.79+I_B1517_16116.12+I_B4501_25984.55+I_B0801_14889.75+I_B4001_23964.68+I_A2301_26500.16+I_A3002_13869.99+I_B3801_32845.51+I_B4801_29081.85+I_B5701_24199.97+I_A0301_22716.66+I_B5801_20714.82+I_A3001_9551.77+I_A1101_27448.01+I_A0101_27802.79+I_B1402_23852.92+I_A2601_31403.98+I_B1801_26967.58+I_A3101_22239.28+I_B5301_34534.34+I_A6601_25158.18+I_B3503_46828.28+I_A3301_43309.84+I_A6801_41957.91+I_B3501_36841.86+N_A0101_35269.9+N_A0201_2304.2+N_A0301_21658+N_A2402_15480+N_A2601_35952.7+N_B0702_14385.2+N_B0801_8861.7+N_B2705_16775.1+N_B4001_21426.3+N_B5801_19536.5+N_B1501_4343.5","datai_mtb_esxa/esxa_iedb.csv"
"esxa","I_A01+I_A02+I_A03+I_A24+I_A26+I_B07+I_B08+I_B27+I_B44+I_B58+I_B62+N_A01+N_A02+N_A03+N_A24+N_A26+N_B07+N_B08+N_B27+N_B44+N_B58+N_B62","AMASTEGNV","I+N+S","1+P9WNK7_ESXA","I_A0203_17.19+I_A0211_11.33+I_A3002_664.34+I_A0201_722.33+I_A0206_1434.02+I_B1501_4749.4+I_B4501_21959.28+I_B0702_16591.53+I_A0301_16497.74+I_B4001_22244.08+I_B4801_30265.46+I_A3201_28769.52+I_A0101_21016.43+I_A2601_26306.47+I_B1517_28923.39+I_A3001_10661.91+I_A1101_23384.78+I_A2301_28936.21+I_B4402_27651.89+I_B2705_25516.49+I_A2402_33601.8+I_B5801_18063.49+I_A3101_23658.62+I_B5701_24540.12+I_B1402_22649.91+I_B5101_28695.83+I_B4403_42972.83+I_A6601_18787.06+I_B3801_40214.65+I_B5301_33356.57+I_B3503_44076.15+I_B0801_31233.87+I_A6801_38342.95+I_B3501_28127.45+I_A3301_42410.68+I_B1801_34904.34+N_A0101_31506.8+N_A0201_634.6+N_A0301_22409.8+N_A2402_32834.9+N_A2601_31434.2+N_B0702_24864.8+N_B0801_27297.3+N_B2705_28787.3+N_B4001_27408.5+N_B5801_21033.7+N_B1501_3423.5","datai_mtb_esxa/esxa_iedb.csv"
"esxa","I_A01+I_A02+I_A03+I_A24+I_A26+I_B07+I_B08+I_B27+I_B44+I_B58+I_B62+N_A01+N_A02+N_A03+N_A24+N_A26+N_B07+N_B08+N_B27+N_B44+N_B58+N_B62","ARTISEAGQ","I+N+S","1+P9WNK7_ESXA","I_B2705_8538.82+I_B3503_39378.92+I_B4501_41786.2+I_B1402_28455.91+I_A3002_29320.07+I_B4801_33897.96+I_B4001_30647.05+I_B4402_34603.16+I_B3801_40084.77+I_B0702_29054.5+I_A6601_30846.65+I_A3001_30323.8+I_A2601_32494.17+I_B4403_42352.44+I_B5301_42324.94+I_B5801_26583.45+I_B1517_39881.89+I_B3501_39966.99+I_A6801_41896.21+I_B5701_33304.3+I_A0101_34102.5+I_A0211_45541.62+I_B1501_37319.7+I_B1801_38561.8+I_A2301_45584.99+I_B0801_34188.58+I_A0206_41555.35+I_A0203_40413.12+I_A3101_40186.84+I_A0201_41650.33+I_A1101_41853.16+I_A3301_45758.95+I_A2402_46969.86+I_B5101_40831.11+I_A0301_43408.83+I_A3201_48056.09+N_A0101_46166.2+N_A0201_45315.5+N_A0301_43117.2+N_A2402_47830.4+N_A2601_44936.2+N_B0702_44086.6+N_B0801_43012.8+N_B2705_10932.1+N_B4001_43603.2+N_B5801_42784+N_B1501_40926.2","datai_mtb_esxa/esxa_iedb.csv"
"esxa","I_A01+I_A02+I_A03+I_A24+I_A26+I_B07+I_B08+I_B27+I_B44+I_B58+I_B62+N_A01+N_A02+N_A03+N_A24+N_A26+N_B07+N_B08+N_B27+N_B44+N_B58+N_B62","ASAIQGNVT","I+N+S","1+P9WNK7_ESXA","I_B4501_20837.11+I_A3002_13544.03+I_B5701_17581.62+I_A0101_22280.94+I_B0702_19011.58+I_B1501_16454.95+I_A6601_24082.42+I_B3501_24561.36+I_B5801_14539.5+I_B1517_24619.36+I_A3001_11537.81+I_B1402_23871+I_A1101_26432.87+I_B4001_26555.55+I_A0203_21609.26+I_A2601_28562.32+I_B4402_32074.64+I_B5101_33728.2+I_A0211_40038.4+I_A0301_34516.77+I_B4801_38513.83+I_A6801_38249.72+I_A0206_29652.18+I_A3101_34511.19+I_B2705_35004.57+I_A2402_42809+I_B3503_44966.31+I_A3201_36979.64+I_B4403_44656.97+I_B0801_30814.95+I_B5301_41996.95+I_A0201_36800.42+I_B3801_43804.68+I_A2301_42406.09+I_B1801_37552.19+I_A3301_46736.17+N_A0101_27193.5+N_A0201_36714.5+N_A0301_36104.7+N_A2402_45059.8+N_A2601_39719.1+N_B0702_21983.3+N_B0801_29551.3+N_B2705_37890.1+N_B4001_35349.4+N_B5801_22397.9+N_B1501_16909.1","datai_mtb_esxa/esxa_iedb.csv"
"esxa","I_A01+I_A02+I_A03+I_A24+I_A26+I_B07+I_B08+I_B27+I_B44+I_B58+I_B62+N_A01+N_A02+N_A03+N_A24+N_A26+N_B07+N_B08+N_B27+N_B44+N_B58+N_B62","ASTEGNVTG","I+N+S","1+P9WNK7_ESXA","I_B1517_9512.99+I_B5701_12295.7+I_A3201_25670.45+I_A3001_11485.12+I_B4501_37161.74+I_B5801_9162.75+I_B1501_13023.52+I_A6601_28373.52+I_A0211_33073.39+I_B4001_26001.7+I_B3501_16493.1+I_A1101_30417.12+I_B4402_31994.23+I_A0101_32511.04+I_A6801_35707.29+I_A0206_26986.86+I_B1402_27442.95+I_B4801_35230.27+I_A2601_31812.66+I_B2705_31955.84+I_B3801_41639.51+I_A0203_29957.57+I_B4403_43381.6+I_A3002_32831.3+I_A2402_40977.59+I_A0201_35201.32+I_B3503_45452.51+I_B5301_34195.99+I_A0301_35464.71+I_A2301_38579.31+I_B0702_30635.11+I_A3301_43537.71+I_B5101_35726.61+I_A3101_33826.51+I_B1801_36295.86+I_B0801_33834.21+N_A0101_37929.9+N_A0201_39089.4+N_A0301_39059.8+N_A2402_43572.1+N_A2601_44277.4+N_B0702_35556.2+N_B0801_39255.1+N_B2705_40820.9+N_B4001_35826.5+N_B5801_5190.3+N_B1501_25408.8","datai_mtb_esxa/esxa_iedb.csv"
"esxa","I_A01+I_A02+I_A03+I_A24+I_A26+I_B07+I_B08+I_B27+I_B44+I_B58+I_B62+N_A01+N_A02+N_A03+N_A24+N_A26+N_B07+N_B08+N_B27+N_B44+N_B58+N_B62","ATATELNNA","I+N+S","1+P9WNK7_ESXA","I_B4501_8288.85+I_A0203_344.31+I_A0101_15045.06+I_A0206_611.19+I_A3002_10854.9+I_A3001_4359.41+I_A2601_21682.1+I_A1101_11423.9+I_A6601_18877.32+I_A0201_9185.58+I_B5801_17786.54+I_A0211_29146.74+I_B5701_22432.12+I_B1402_13980.73+I_B0702_27048.54+I_B1501_23198.28+I_B3503_44250.54+I_A3201_34760.76+I_A6801_32142.75+I_A0301_26586.89+I_B1517_35311.57+I_B4402_32815.68+I_A2402_40935.94+I_B4001_25018.39+I_B3501_35322.25+I_B5101_33708.16+I_A3101_31477.8+I_A2301_41898.48+I_B4403_44730.96+I_B2705_35787.35+I_B0801_34783.34+I_B1801_34657.5+I_B4801_41976.97+I_B3801_46174.74+I_A3301_45445.15+I_B5301_42347.85+N_A0101_16625.5+N_A0201_6280+N_A0301_22015.4+N_A2402_39244.9+N_A2601_18061.3+N_B0702_27307.6+N_B0801_31152.9+N_B2705_35503.9+N_B4001_33479.2+N_B5801_14618.8+N_B1501_14075.3","datai_mtb_esxa/esxa_iedb.csv"
"esxa","I_A01+I_A02+I_A03+I_A24+I_A26+I_B07+I_B08+I_B27+I_B44+I_B58+I_B62+N_A01+N_A02+N_A03+N_A24+N_A26+N_B07+N_B08+N_B27+N_B44+N_B58+N_B62","ATELNNALQ","I+N+S","1+P9WNK7_ESXA","I_A0101_8645.55+I_A3002_10550.82+I_A2601_23999.97+I_A6601_23506.03+I_A1101_16995.8+I_A6801_21842.69+I_B1517_15205.1+I_B4501_38830.99+I_B4001_22733.38+I_B0702_23954.31+I_B5701_24790.7+I_A3101_23753+I_B4801_32465.35+I_B3503_45445.65+I_A3201_40139.9+I_B1402_30640.75+I_B3501_33845.56+I_B1801_28115.9+I_B5801_29514.88+I_B4402_30471.81+I_A3001_14504.15+I_A2402_42165.89+I_A0211_40327.52+I_A0301_32194.59+I_A2301_40561.2+I_B2705_32846.23+I_A3301_39316.75+I_A0201_33594.55+I_B1501_31564.42+I_A0206_30687.2+I_B4403_43831.21+I_A0203_33173.02+I_B3801_44069.47+I_B5101_38864.21+I_B5301_38495.5+I_B0801_30671.27+N_A0101_7245.7+N_A0201_38284.9+N_A0301_24511.7+N_A2402_45266.5+N_A2601_36495.1+N_B0702_38780.6+N_B0801_41407.3+N_B2705_40903.6+N_B4001_40545.8+N_B5801_26048.4+N_B1501_32667.2","datai_mtb_esxa/esxa_iedb.csv"
"esxa","I_A01+I_A02+I_A03+I_A24+I_A26+I_B07+I_B08+I_B27+I_B44+I_B58+I_B62+N_A01+N_A02+N_A03+N_A24+N_A26+N_B07+N_B08+N_B27+N_B44+N_B58+N_B62","AWGGSGSEA","I+N+S","1+P9WNK7_ESXA","I_B4501_8620.51+I_A3001_12959+I_A6601_13678.64+I_A3002_15981.71+I_B0702_23576.34+I_B4402_23649.9+I_A2402_30244.84+I_A2301_30760.67+I_A0211_25790.16+I_B1402_26638.14+I_B4403_36028.23+I_B1501_13739+I_A0203_24239.02+I_A0206_21185.16+I_B4001_26255.86+I_A0101_30894.07+I_B5801_29155.26+I_B3503_46463.39+I_B2705_29704.86+I_B1517_37287.8+I_B4801_39486.84+I_A2601_34006.7+I_A1101_36630.01+I_B0801_33930.25+I_A0201_35800.9+I_B3501_29693.59+I_B3801_44990.15+I_A3101_35548.86+I_A0301_40163.77+I_B5701_34240.79+I_B1801_36910.9+I_A3301_45704.03+I_A3201_46738.7+I_A6801_45490.9+I_B5301_43467.09+I_B5101_37406.2+N_A0101_43641.5+N_A0201_33267.2+N_A0301_37394.5+N_A2402_31025.7+N_A2601_44121+N_B0702_36103.1+N_B0801_37028.9+N_B2705_36852.2+N_B4001_40042.7+N_B5801_43429+N_B1501_30302.5","datai_mtb_esxa/esxa_iedb.csv"
"esxa","I_A01+I_A02+I_A03+I_A24+I_A26+I_B07+I_B08+I_B27+I_B44+I_B58+I_B62+N_A01+N_A02+N_A03+N_A24+N_A26+N_B07+N_B08+N_B27+N_B44+N_B58+N_B62","AYQGVQQKW","I+N+S","1+P9WNK7_ESXA","I_A2402_164.71+I_A2301_235.65+I_B4402_3991.45+I_B5801_2141.99+I_B5701_9152.15+I_B4403_12079.18+I_B1517_10068.9+I_B5301_9420.09+I_A3201_22043.78+I_A3002_6329.27+I_B3503_44791.5+I_B3801_32595.58+I_B4501_38265.43+I_B1801_27900.12+I_A6601_9209.36+I_B2705_25138.33+I_A3101_24063.16+I_B1402_22072.43+I_A2601_30315.92+I_B4801_32710.75+I_B0702_29438.02+I_A3001_24079.57+I_A1101_34757.01+I_A0211_39338.03+I_B4001_31600.31+I_B5101_29238.65+I_A0101_32430.23+I_A0201_36121.89+I_A0301_36184.89+I_B1501_25897.54+I_A3301_41444.45+I_B3501_34573.23+I_A0203_40845.25+I_A6801_43512.28+I_B0801_34486.91+I_A0206_43995.61+N_A0101_40312.3+N_A0201_37685.3+N_A0301_35260.8+N_A2402_211.7+N_A2601_38320.1+N_B0702_39244.5+N_B0801_38755+N_B2705_26068.5+N_B4001_37122.4+N_B5801_3187.9+N_B1501_28058.2","datai_mtb_esxa/esxa_iedb.csv"
"esxa","I_A01+I_A02+I_A03+I_A24+I_A26+I_B07+I_B08+I_B27+I_B44+I_B58+I_B62+N_A01+N_A02+N_A03+N_A24+N_A26+N_B07+N_B08+N_B27+N_B44+N_B58+N_B62","DATATELNN","I+N+S","1+P9WNK7_ESXA","I_B5301_13652.17+I_B1402_20573.21+I_B5801_16364.58+I_B3501_11156.63+I_B3503_43651.38+I_B5101_25287+I_A6801_27531+I_A3301_32780.55+I_A6601_28963.15+I_B1801_34028.42+I_A2601_31514.61+I_B1517_40844.38+I_A0101_34074.47+I_B5701_29364.85+I_B3801_41444.45+I_A2301_41427.85+I_B4001_35212.38+I_B4801_39601.96+I_B4402_42673.49+I_A3001_33038.35+I_A1101_37349.58+I_A0211_46442.3+I_B4403_46377.02+I_B2705_36804.41+I_A3201_47226.19+I_B4501_46491.56+I_A0203_38737+I_A0206_42489.23+I_A3002_36624.86+I_A0301_40482.72+I_A3101_42092.94+I_A0201_42137.62+I_A2402_46220.23+I_B1501_43768.67+I_B0702_40271.7+I_B0801_41901.18+N_A0101_40616.5+N_A0201_45478.1+N_A0301_43114.9+N_A2402_47646+N_A2601_42599.2+N_B0702_42833.5+N_B0801_42257.7+N_B2705_44594.2+N_B4001_46933.3+N_B5801_29373.1+N_B1501_42839.1","datai_mtb_esxa/esxa_iedb.csv"
"esxa","I_A01+I_A02+I_A03+I_A24+I_A26+I_B07+I_B08+I_B27+I_B44+I_B58+I_B62+N_A01+N_A02+N_A03+N_A24+N_A26+N_B07+N_B08+N_B27+N_B44+N_B58+N_B62","DEGKQSLTK","I+N+S","1+P9WNK7_ESXA","I_B1801_4465.53+I_B4402_23960.54+I_B4001_21093.44+I_B4403_31651.97+I_A6801_21158.57+I_A0301_21422.57+I_B4501_29910.62+I_A6601_13205.85+I_A1101_24819.15+I_B5101_34207.46+I_B1402_26443.45+I_A3301_36313.91+I_B3801_40038.4+I_B3503_46692.19+I_B2705_32410.6+I_B5301_42486.93+I_A3201_43620.23+I_A3001_32786.21+I_B4801_38045.4+I_A2402_43498.14+I_B0801_32983.34+I_A0101_35323.78+I_A2601_34975.8+I_B5801_34553.39+I_A2301_43586.25+I_B3501_39163.49+I_A3101_36104.31+I_B1501_40710.23+I_B1517_44694.2+I_A0211_47128.71+I_B5701_37508.75+I_B0702_37737.5+I_A0203_42492.9+I_A0206_45274.84+I_A3002_39530.9+I_A0201_41193.19+N_A0101_38640.3+N_A0201_44723.2+N_A0301_34361.4+N_A2402_45735.7+N_A2601_40465.2+N_B0702_40598.1+N_B0801_33791.8+N_B2705_33203.5+N_B4001_37139.2+N_B5801_44090+N_B1501_39781","datai_mtb_esxa/esxa_iedb.csv"
"esxa","I_A01+I_A02+I_A03+I_A24+I_A26+I_B07+I_B08+I_B27+I_B44+I_B58+I_B62+N_A01+N_A02+N_A03+N_A24+N_A26+N_B07+N_B08+N_B27+N_B44+N_B58+N_B62","EAAASAIQG","I+N+S","1+P9WNK7_ESXA","I_A6601_14488.94+I_B3501_3047.79+I_A6801_8140.08+I_B1402_19494.22+I_B5101_18378.32+I_A2601_24026.73+I_B4402_23987.52+I_B5301_24576.24+I_B5801_13906.36+I_B4501_33121.38+I_B4801_33286.99+I_B5701_20460+I_B4403_38638.64+I_B3503_45098.83+I_B1517_33269.71+I_A3301_35575.79+I_B1501_22988.65+I_A3001_26513.94+I_A1101_35692.23+I_A0101_30917.83+I_B0801_30676.91+I_A0211_44077.09+I_B4001_30209.51+I_A0301_39106.76+I_B3801_44046.11+I_B0702_31268.03+I_A0203_36353.63+I_A0201_38217.05+I_A0206_37925.8+I_B1801_35779.23+I_A3201_45619.55+I_A2402_44457.86+I_A2301_42829.38+I_A3002_37603.42+I_B2705_35161.34+I_A3101_42762.7+N_A0101_39075.9+N_A0201_42238.9+N_A0301_41178.1+N_A2402_44837.1+N_A2601_34290.8+N_B0702_31152.2+N_B0801_32373.1+N_B2705_42139.4+N_B4001_41758.6+N_B5801_16071.4+N_B1501_33061.6","datai_mtb_esxa/esxa_iedb.csv"
"esxa","I_A01+I_A02+I_A03+I_A24+I_A26+I_B07+I_B08+I_B27+I_B44+I_B58+I_B62+N_A01+N_A02+N_A03+N_A24+N_A26+N_B07+N_B08+N_B27+N_B44+N_B58+N_B62","EAGQAMAST","I+N+S","1+P9WNK7_ESXA","I_A6601_8251.63+I_A2601_16806.72+I_B1402_6608.14+I_B3501_12475+I_B4501_29744.73+I_B0702_23185.99+I_B5101_29502.11+I_B5701_22035.44+I_B3503_44721.27+I_A6801_29439.92+I_A3301_37122.77+I_B5301_37875.36+I_A3002_24473.81+I_B0801_26029.02+I_B1501_27975.1+I_B4402_30282.48+I_B5801_20406.71+I_B1801_29561.22+I_B1517_35888.95+I_A0211_34168.61+I_A0101_28625.45+I_A0203_28662.63+I_A3001_31657.12+I_B4801_39604.52+I_B3801_40931.95+I_A0206_30184.02+I_B2705_32166.05+I_B4403_44232.82+I_B4001_31585.28+I_A0201_35203.61+I_A1101_39713.09+I_A3201_45062.25+I_A2402_44168.74+I_A0301_40160.75+I_A2301_44513.69+I_A3101_42116.64+N_A0101_39097.4+N_A0201_34322+N_A0301_41143.8+N_A2402_45950+N_A2601_16694.5+N_B0702_24633.7+N_B0801_24667.9+N_B2705_42103.4+N_B4001_41297.6+N_B5801_32422.2+N_B1501_33699.4","datai_mtb_esxa/esxa_iedb.csv"
"esxa","I_A01+I_A02+I_A03+I_A24+I_A26+I_B07+I_B08+I_B27+I_B44+I_B58+I_B62+N_A01+N_A02+N_A03+N_A24+N_A26+N_B07+N_B08+N_B27+N_B44+N_B58+N_B62","EAYQGVQQK","I+N+S","1+P9WNK7_ESXA","I_A6601_5343.37+I_A6801_88.99+I_A1101_4422.31+I_A0301_4872.44+I_B5101_20125.61+I_A3301_9842.28+I_B1402_8412.46+I_A3001_11915.62+I_B5301_33971.76+I_A2601_15689.93+I_B3501_16328.84+I_B4402_28617.08+I_B1517_23802.39+I_A3101_25359.61+I_B2705_25166.9+I_B5801_24605.25+I_B4501_38472.59+I_B1801_28573.76+I_A0101_24907.12+I_B4001_26768.75+I_B1501_29750.2+I_B0702_31124.91+I_B4801_29843.05+I_B4403_43630.13+I_B3503_45986.77+I_B5701_33045.49+I_B0801_32128.49+I_A3201_42347.85+I_A2301_40750.79+I_A0211_39942.77+I_A0201_35951.91+I_A2402_45425.49+I_B3801_44611.58+I_A0203_38891.14+I_A0206_41611.16+I_A3002_35003.82+N_A0101_33871.2+N_A0201_35245.9+N_A0301_5586.4+N_A2402_42918.5+N_A2601_10908.6+N_B0702_32138.2+N_B0801_32871.5+N_B2705_27819+N_B4001_38381.1+N_B5801_26558.7+N_B1501_27318.2","datai_mtb_esxa/esxa_iedb.csv"
"esxa","I_A01+I_A02+I_A03+I_A24+I_A26+I_B07+I_B08+I_B27+I_B44+I_B58+I_B62+N_A01+N_A02+N_A03+N_A24+N_A26+N_B07+N_B08+N_B27+N_B44+N_B58+N_B62","EGKQSLTKL","I+N+S","1+P9WNK7_ESXA","I_B0801_4532.46+I_B3503_35451.28+I_B1402_6667.97+I_A6601_5534.01+I_B4801_29997.8+I_A2601_25592.53+I_B1517_28283.71+I_B4001_28311.88+I_A3001_23105.1+I_A2301_36912.09+I_B4402_30486.98+I_B1801_31817.13+I_B1501_25130.71+I_B3801_37605.85+I_B5701_27102.14+I_B0702_26270.36+I_B2705_26138.51+I_B5801_21961.41+I_A3301_33126.76+I_B5101_28071.2+I_B4403_43415.41+I_A0101_28306.37+I_A2402_39512.93+I_A0211_42162.68+I_A0203_30692.17+I_B3501_33292.04+I_B5301_39440.75+I_A6801_42299.32+I_B4501_43463.82+I_A0206_40794.47+I_A3002_29978.66+I_A3201_44901.63+I_A1101_36177.45+I_A0201_36954.44+I_A0301_37911.45+I_A3101_37418.34+N_A0101_41269.1+N_A0201_40005.5+N_A0301_40225.5+N_A2402_37900+N_A2601_26247.1+N_B0702_19071.5+N_B0801_2690.8+N_B2705_37704.5+N_B4001_37854.9+N_B5801_32699.1+N_B1501_25184.6","datai_mtb_esxa/esxa_iedb.csv"
"esxa","I_A01+I_A02+I_A03+I_A24+I_A26+I_B07+I_B08+I_B27+I_B44+I_B58+I_B62+N_A01+N_A02+N_A03+N_A24+N_A26+N_B07+N_B08+N_B27+N_B44+N_B58+N_B62","EGNVTGMFA","I+N+S","1+P9WNK7_ESXA","I_B4501_16451.39+I_A6601_21258.62+I_A3001_9174.25+I_A0101_18080.5+I_B5101_28292.28+I_B5801_19990.62+I_B1402_15844.32+I_A2601_23919.87+I_B4402_28622.97+I_A3301_26299.65+I_A6801_33792.13+I_B3503_45117.39+I_B5301_33168.36+I_B4403_41512.66+I_B1801_32885.34+I_B3501_25575.63+I_B0702_31320.51+I_A1101_30423.7+I_A0211_40799.75+I_B0801_29960.49+I_A0203_24346.26+I_B1501_24736.57+I_A0301_32717.82+I_B4001_30095.97+I_A0206_34414.97+I_A3002_27826.58+I_A3101_33077.68+I_A2301_43550.88+I_B3801_44092.84+I_B1517_39594.66+I_B4801_40468.26+I_A0201_31216.31+I_B5701_31761.41+I_A2402_45469.75+I_B2705_32964.79+I_A3201_47164.92+N_A0101_26240.2+N_A0201_30966.4+N_A0301_34021.1+N_A2402_42452.9+N_A2601_34928.1+N_B0702_31275.1+N_B0801_21911.1+N_B2705_38229+N_B4001_41304.8+N_B5801_26961.2+N_B1501_30846.6","datai_mtb_esxa/esxa_iedb.csv"
"esxa","I_A01+I_A02+I_A03+I_A24+I_A26+I_B07+I_B08+I_B27+I_B44+I_B58+I_B62+N_A01+N_A02+N_A03+N_A24+N_A26+N_B07+N_B08+N_B27+N_B44+N_B58+N_B62","ELNNALQNL","I+N+S","1+P9WNK7_ESXA","I_A2601_8067.3+I_A0211_142+I_A0203_415.7+I_B4402_16782.01+I_B0801_11440.35+I_A0201_4605.78+I_B3503_37555.44+I_B4801_24647.35+I_A6601_11259.83+I_A3201_19661.36+I_B1501_8203.83+I_B4403_34775.06+I_B1402_11649.2+I_B4001_22035.92+I_A0206_4906.09+I_A2301_28888.98+I_B3801_29901.88+I_A0101_20809.17+I_A2402_28049.05+I_A3301_28291.06+I_B0702_28604.07+I_B5301_34332.77+I_B1801_25458.58+I_B1517_34336.87+I_B5101_25109.51+I_B4501_40545.85+I_A0301_26802.66+I_A3002_18249.53+I_A6801_33979.85+I_B2705_24410.62+I_B5801_19349.23+I_A3001_21705.58+I_B3501_25204.5+I_B5701_27687.52+I_A3101_29525.1+I_A1101_32267.84+N_A0101_29823+N_A0201_5240.9+N_A0301_32553.6+N_A2402_29334+N_A2601_4896.2+N_B0702_24022.1+N_B0801_7659.2+N_B2705_31621.2+N_B4001_24688.7+N_B5801_26739.5+N_B1501_8312","datai_mtb_esxa/esxa_iedb.csv"
"esxa","I_A01+I_A02+I_A03+I_A24+I_A26+I_B07+I_B08+I_B27+I_B44+I_B58+I_B62+N_A01+N_A02+N_A03+N_A24+N_A26+N_B07+N_B08+N_B27+N_B44+N_B58+N_B62","EQQWNFAGI","I+N+S","1+P9WNK7_ESXA","I_B4801_6264.08+I_A2601_13595.42+I_A0206_624.8+I_B4001_7125.91+I_B3801_14412.18+I_A2402_9478.47+I_A0211_615.22+I_B1501_5155.45+I_B5101_20667.81+I_B4402_13504.81+I_B1801_10222.03+I_A2301_18229.79+I_B5301_21545.53+I_B4403_17241.96+I_A6601_9735.83+I_B4501_20538.52+I_B2705_7975.74+I_B0801_11690.99+I_A3201_15166.82+I_A3002_8250.29+I_A0203_6422.4+I_A0201_13303.23+I_B1517_19753.25+I_B3503_42487.36+I_B3501_29689.75+I_B0702_30529.89+I_A0101_22096.56+I_A3001_23547.27+I_A3301_37447.5+I_B1402_12502.97+I_A6801_34544.05+I_A3101_27011.69+I_A1101_32052.1+I_B5801_28923.39+I_B5701_30677.9+I_A0301_31917.14+N_A0101_31384.6+N_A0201_4711.6+N_A0301_35245.9+N_A2402_10686.2+N_A2601_8987+N_B0702_25604.2+N_B0801_5073.5+N_B2705_14963.9+N_B4001_5423.1+N_B5801_26423.1+N_B1501_8418.3","datai_mtb_esxa/esxa_iedb.csv"
"esxa","I_A01+I_A02+I_A03+I_A24+I_A26+I_B07+I_B08+I_B27+I_B44+I_B58+I_B62+N_A01+N_A02+N_A03+N_A24+N_A26+N_B07+N_B08+N_B27+N_B44+N_B58+N_B62","FAGIEAAAS","I+N+S","1+P9WNK7_ESXA","I_B3503_20276.2+I_B3501_1276.18+I_B5301_22620.53+I_A6601_24806.26+I_B1402_20512.08+I_B5101_22524.54+I_A0211_19148.87+I_B0801_17062.51+I_A0206_10026.51+I_B1517_34877.55+I_A6801_27819.96+I_B4801_35823.37+I_A0203_15100.01+I_A0101_30068.3+I_A0201_22269.62+I_B0702_30688.19+I_A2601_29366.12+I_B5701_27072.54+I_B1501_21205.57+I_A3002_25519.53+I_B4402_32539.9+I_B1801_28314.33+I_B4501_42170.89+I_B4001_29781.45+I_B5801_25736.09+I_A3301_39591.24+I_B3801_40679.87+I_A3001_30903.1+I_A1101_35548.08+I_B2705_35674.46+I_B4403_46556.49+I_A2301_42054.71+I_A3101_39259.79+I_A2402_44941.49+I_A3201_46934.83+I_A0301_40463.88+N_A0101_32121.9+N_A0201_25817+N_A0301_39515.9+N_A2402_45223+N_A2601_37601.4+N_B0702_21117.4+N_B0801_20813.9+N_B2705_38248.5+N_B4001_39127.9+N_B5801_26580.6+N_B1501_20802.4","datai_mtb_esxa/esxa_iedb.csv"
"esxa","I_A01+I_A02+I_A03+I_A24+I_A26+I_B07+I_B08+I_B27+I_B44+I_B58+I_B62+N_A01+N_A02+N_A03+N_A24+N_A26+N_B07+N_B08+N_B27+N_B44+N_B58+N_B62","GGSGSEAYQ","I+N+S","1+P9WNK7_ESXA","I_A3002_12330.07+I_B4801_33599.64+I_B5801_11757.72+I_A6601_26599.26+I_B3503_44392.48+I_B5701_19288.81+I_A6801_31393.79+I_A0211_37363.72+I_A1101_30582.11+I_B4001_33342.88+I_B1501_28579.33+I_B1517_38785.64+I_A3001_30341.85+I_A3101_32309.4+I_B5301_40191.6+I_B4501_45682.29+I_A0206_39196.14+I_B0702_34301.21+I_A0301_37740.38+I_A2601_34674.73+I_B3501_31597.23+I_B4402_37750.57+I_B2705_37506.3+I_B1801_38510.5+I_A2301_44884.14+I_A3301_40265.59+I_A0201_41311.93+I_A0101_35778.05+I_B4403_45351.32+I_B3801_45211.7+I_B1402_40148.13+I_A0203_39637.1+I_A2402_46063.95+I_B5101_40942.14+I_A3201_47628.52+I_B0801_34828.91+N_A0101_42586.3+N_A0201_41880.8+N_A0301_33720.2+N_A2402_47766.3+N_A2601_45620.5+N_B0702_45051+N_B0801_45177.5+N_B2705_43029.1+N_B4001_46019.1+N_B5801_27917.3+N_B1501_35742.9","datai_mtb_esxa/esxa_iedb.csv"
"esxa","I_A01+I_A02+I_A03+I_A24+I_A26+I_B07+I_B08+I_B27+I_B44+I_B58+I_B62+N_A01+N_A02+N_A03+N_A24+N_A26+N_B07+N_B08+N_B27+N_B44+N_B58+N_B62","GIEAAASAI","I+N+S","1+P9WNK7_ESXA","I_A0211_3648.47+I_B4801_18185.07+I_B4402_17555.77+I_B4001_14270.5+I_A0203_2243.13+I_B0702_7780.05+I_B1402_14342.79+I_A3201_11702.25+I_B5101_25173.44+I_A0206_2601.14+I_B1517_11675.57+I_A6601_16238.81+I_A0101_23454.45+I_A2601_23898.39+I_B3801_26590.34+I_B3501_21363.08+I_A0201_12530.87+I_B4403_35031.11+I_B1501_11888.84+I_B5301_34185.62+I_A2301_32061.8+I_B0801_21774.49+I_A0301_24236.12+I_B2705_23303.95+I_B4501_40617.84+I_A1101_25339.32+I_A3002_14913.77+I_A2402_35923.92+I_B1801_24458.46+I_B5801_25925.58+I_A3001_14618.54+I_B5701_26785.85+I_A6801_36741.14+I_B3503_44672.44+I_A3101_34621.51+I_A3301_44644.42+N_A0101_27503.6+N_A0201_13097.8+N_A0301_33230.5+N_A2402_38069.3+N_A2601_33760.7+N_B0702_9311.4+N_B0801_24882.1+N_B2705_34639.5+N_B4001_27808.2+N_B5801_30927.2+N_B1501_12773.4","datai_mtb_esxa/esxa_iedb.csv"
"esxa","I_A01+I_A02+I_A03+I_A24+I_A26+I_B07+I_B08+I_B27+I_B44+I_B58+I_B62+N_A01+N_A02+N_A03+N_A24+N_A26+N_B07+N_B08+N_B27+N_B44+N_B58+N_B62","GKQSLTKLA","I+N+S","1+P9WNK7_ESXA","I_B4501_13123.24+I_B2705_10945.48+I_B4801_28983.22+I_B4402_27803.4+I_A6601_26247.05+I_A3001_13409.88+I_B0702_27470.59+I_B3801_42351.97+I_A0203_25764.22+I_B1402_29888.62+I_A0201_35105.85+I_B4403_38567.61+I_A2301_38406.48+I_A0101_32421.47+I_A3002_23244.77+I_A0211_41252.98+I_B5801_29501.78+I_B5101_36299+I_B4001_31878.48+I_B0801_26132.29+I_A2601_33248.84+I_B5301_42680.89+I_B1501_35387.67+I_B5701_30847.64+I_A3201_43828.38+I_B1801_32942.33+I_A3101_34562.75+I_A2402_43483.08+I_A0206_35612.38+I_B3503_47555.38+I_B1517_43923.8+I_A1101_40216.83+I_B3501_38318.9+I_A6801_45582.05+I_A3301_46450.32+I_A0301_40948.8+N_A0101_43916.7+N_A0201_41626+N_A0301_40972.3+N_A2402_45409.8+N_A2601_44408.3+N_B0702_38105.1+N_B0801_30126.9+N_B2705_15273+N_B4001_32142.4+N_B5801_41793.4+N_B1501_32079.5","datai_mtb_esxa/esxa_iedb.csv"
"esxa","I_A01+I_A02+I_A03+I_A24+I_A26+I_B07+I_B08+I_B27+I_B44+I_B58+I_B62+N_A01+N_A02+N_A03+N_A24+N_A26+N_B07+N_B08+N_B27+N_B44+N_B58+N_B62","GNVTSIHSL","I+N+S","1+P9WNK7_ESXA","I_B1402_3704.07+I_B4801_10684.43+I_B4001_7825.04+I_B0801_10571.96+I_B1517_9115.09+I_B2705_18288.27+I_A2301_23845.71+I_B3801_22791.02+I_B4403_30688.86+I_B0702_24497.66+I_B5801_14408.74+I_B3503_37261.59+I_B1501_11566.43+I_B5701_19003.16+I_A2601_25146.21+I_B4402_26807+I_A6601_13215+I_A0203_11677.59+I_A0211_24085.55+I_A0206_13935.58+I_A3201_34867.74+I_B1801_25342.05+I_A0201_22911.92+I_A3001_12263.28+I_B5301_36331.2+I_A3101_25554.89+I_A0101_24686.58+I_A3002_19533.71+I_A2402_34232.99+I_A1101_32461.83+I_B5101_33329.52+I_B3501_31169.74+I_A6801_38771.39+I_A3301_39421.96+I_B4501_42601.06+I_A0301_33987.21+N_A0101_36876.2+N_A0201_22681.8+N_A0301_36590.8+N_A2402_30316.9+N_A2601_22606.6+N_B0702_28368.9+N_B0801_16649.1+N_B2705_24539.8+N_B4001_8781.3+N_B5801_17602.8+N_B1501_8884.5","datai_mtb_esxa/esxa_iedb.csv"
"esxa","I_A01+I_A02+I_A03+I_A24+I_A26+I_B07+I_B08+I_B27+I_B44+I_B58+I_B62+N_A01+N_A02+N_A03+N_A24+N_A26+N_B07+N_B08+N_B27+N_B44+N_B58+N_B62","GQAMASTEG","I+N+S","1+P9WNK7_ESXA","I_B1501_555.9+I_B4801_18593.94+I_A0206_9912.81+I_B4501_26218.96+I_A0203_13754.62+I_B4001_16405.53+I_B2705_20165.94+I_A6601_12309.67+I_B4402_28769.82+I_A3002_21553.23+I_A0211_39202.91+I_A3001_16908.13+I_B4403_35254.3+I_B3801_38289.87+I_B5101_33361.63+I_B1402_30275.61+I_A1101_32066.33+I_A2601_29773.06+I_B3501_24484.68+I_A2402_38660.38+I_A3201_35956.18+I_B1517_39671.42+I_A0201_31558.97+I_B0801_30424.7+I_B0702_28876.8+I_B1801_30725.06+I_A6801_40636.74+I_B5701_26923.27+I_A0301_35871.48+I_B5801_22763.9+I_A0101_32025.76+I_A2301_40639.83+I_B5301_40901.42+I_B3503_47351.56+I_A3101_37298.69+I_A3301_47297.27+N_A0101_42595.1+N_A0201_35260.4+N_A0301_38149.3+N_A2402_42108.4+N_A2601_42684.1+N_B0702_34812.3+N_B0801_33780.4+N_B2705_27690.2+N_B4001_15734.6+N_B5801_28518.5+N_B1501_3286.4","datai_mtb_esxa/esxa_iedb.csv"
"esxa","I_A01+I_A02+I_A03+I_A24+I_A26+I_B07+I_B08+I_B27+I_B44+I_B58+I_B62+N_A01+N_A02+N_A03+N_A24+N_A26+N_B07+N_B08+N_B27+N_B44+N_B58+N_B62","GSEAYQGVQ","I+N+S","1+P9WNK7_ESXA","I_A3002_8661.37+I_A6601_26635.84+I_A0101_20337.95+I_B5701_18245.19+I_B4801_30449.39+I_B4001_24049.88+I_B1501_25796.86+I_B5801_21615.58+I_B1517_30189.9+I_A1101_30462.24+I_B4501_42977.93+I_A2601_26824.12+I_B3503_42783.52+I_B0702_28849.01+I_A6801_39914.26+I_B1402_37048.53+I_A3101_34301.21+I_A0301_35881.96+I_B2705_36001.34+I_B1801_34868.86+I_A2301_40771.06+I_A0211_45289.06+I_A3001_22087.71+I_B3801_44619.78+I_B3501_32269.57+I_B5301_41836.86+I_B4402_40533.12+I_A3201_44890.95+I_A0203_41182.51+I_A0201_42585.41+I_B5101_36829.51+I_B0801_32955.5+I_B4403_46912.46+I_A2402_46092.86+I_A3301_46164.23+I_A0206_44643.93+N_A0101_22111.6+N_A0201_43624+N_A0301_31947.9+N_A2402_47594.5+N_A2601_42614+N_B0702_38842.8+N_B0801_42435.9+N_B2705_40151.2+N_B4001_41615.6+N_B5801_28309.1+N_B1501_30775.7","datai_mtb_esxa/esxa_iedb.csv"
"esxa","I_A01+I_A02+I_A03+I_A24+I_A26+I_B07+I_B08+I_B27+I_B44+I_B58+I_B62+N_A01+N_A02+N_A03+N_A24+N_A26+N_B07+N_B08+N_B27+N_B44+N_B58+N_B62","GSGSEAYQG","I+N+S","1+P9WNK7_ESXA","I_B5801_10696.57+I_A6601_25861.43+I_B5701_4546.17+I_A3002_23028.73+I_B1517_32943.39+I_A0211_39881.02+I_A1101_30382.25+I_B1501_28891.79+I_B4501_43651.86+I_A3001_21416.07+I_A0101_31443.09+I_B4402_36738.77+I_A2301_35745.16+I_A6801_41300.77+I_B5301_40289.13+I_A2402_39974.77+I_B4403_44173.53+I_B4001_31014.98+I_B4801_40711.57+I_A0201_39744.48+I_A3201_42120.29+I_B3801_43801.34+I_B5101_37709.77+I_B3503_45562.8+I_A0203_38908.38+I_B2705_36101.19+I_B3501_34797.27+I_A0206_40488.41+I_A3101_36685.14+I_B0801_35023.52+I_B1402_40389.52+I_A0301_42204.22+I_B0702_39984.29+I_A3301_45513.05+I_B1801_39178.32+I_A2601_38636.12+N_A0101_40214.2+N_A0201_43823.6+N_A0301_41166.5+N_A2402_43479.8+N_A2601_47047.7+N_B0702_44764.4+N_B0801_42396.9+N_B2705_41944.7+N_B4001_44349.3+N_B5801_10619.2+N_B1501_38604.4","datai_mtb_esxa/esxa_iedb.csv"
"esxa","I_A01+I_A02+I_A03+I_A24+I_A26+I_B07+I_B08+I_B27+I_B44+I_B58+I_B62+N_A01+N_A02+N_A03+N_A24+N_A26+N_B07+N_B08+N_B27+N_B44+N_B58+N_B62","GVQQKWDAT","I+N+S","1+P9WNK7_ESXA","I_A6601_13913.58+I_B1402_10135.79+I_A0211_18276.79+I_B0702_21907.3+I_A3002_18170.71+I_B4501_35407.21+I_B3501_27672.85+I_A3001_22542.09+I_B4801_33066.59+I_A0206_14860.78+I_A2601_28606.86+I_A1101_31563.75+I_A0101_27690.52+I_B0801_28898.05+I_A0203_26743.56+I_B1501_30101.52+I_B4402_31993.88+I_B4001_26308.76+I_A0201_30153.67+I_B5701_30754.68+I_A3101_33060.88+I_B2705_30774.97+I_B3503_46146.25+I_A3201_14016.48+I_B1801_32494.52+I_A0301_38001.38+I_A2301_41882.62+I_B5801_25078.57+I_B5301_43661.29+I_A3301_43747.36+I_B1517_43381.6+I_A6801_43970.39+I_A2402_45326.32+I_B3801_45902.74+I_B4403_46904.87+I_B5101_37888.06+N_A0101_35859.5+N_A0201_28853.7+N_A0301_39155.9+N_A2402_43835+N_A2601_38954.3+N_B0702_26025.4+N_B0801_17030.6+N_B2705_35791.6+N_B4001_37401.8+N_B5801_42159+N_B1501_30825","datai_mtb_esxa/esxa_iedb.csv"
"esxa","I_A01+I_A02+I_A03+I_A24+I_A26+I_B07+I_B08+I_B27+I_B44+I_B58+I_B62+N_A01+N_A02+N_A03+N_A24+N_A26+N_B07+N_B08+N_B27+N_B44+N_B58+N_B62","HSLLDEGKQ","I+N+S","1+P9WNK7_ESXA","I_A3002_9698.08+I_B5701_7545.51+I_A6601_20884.74+I_B5801_18871.62+I_B3501_25832.62+I_B5301_33766.55+I_B1517_28923.39+I_B3503_41233.32+I_A2601_27863.32+I_B4801_35338.7+I_A6801_33214.68+I_B2705_33195.28+I_B4001_30234.03+I_A3001_17231.7+I_B1801_35057.25+I_A1101_37295.88+I_A0101_34961.43+I_B1501_35767.6+I_B3801_43072.44+I_B0702_31762.46+I_A3101_34449.61+I_B4501_47561.05+I_B1402_38755.86+I_A0301_39530.9+I_A3301_42021.06+I_A2301_44221.36+I_B5101_38536.34+I_A0211_46139.29+I_A3201_46419.18+I_B4402_40505.94+I_A0203_37347.96+I_A0206_41486.62+I_B0801_36544.5+I_A2402_46578.17+I_A0201_42282.85+I_B4403_47238.46+N_A0101_36579.7+N_A0201_43653.3+N_A0301_37097.5+N_A2402_48030.6+N_A2601_42447.4+N_B0702_41722.5+N_B0801_43182.1+N_B2705_39774.6+N_B4001_45112.5+N_B5801_22371.3+N_B1501_36100.4","datai_mtb_esxa/esxa_iedb.csv"
"esxa","I_A01+I_A02+I_A03+I_A24+I_A26+I_B07+I_B08+I_B27+I_B44+I_B58+I_B62+N_A01+N_A02+N_A03+N_A24+N_A26+N_B07+N_B08+N_B27+N_B44+N_B58+N_B62","IEAAASAIQ","I+N+S","1+P9WNK7_ESXA","I_B1801_1510.68+I_B4001_1585.37+I_B4501_7720.17+I_B4402_6821.73+I_B4403_6865.93+I_B4801_24108.76+I_B1501_7171.94+I_B3501_20318.8+I_A3002_15779.99+I_B5101_28767.33+I_A2402_33254.59+I_B0702_23762.76+I_A2601_24638.28+I_A6801_27206.74+I_B5301_38096.49+I_B3503_43671.68+I_B5801_27499.73+I_A6601_20275.99+I_A3201_41505.03+I_B1402_32159.08+I_A2301_38314.33+I_B5701_27272.46+I_A0301_33705.59+I_B2705_34870.75+I_A0206_32871.11+I_B1517_39844.8+I_A3001_31226.44+I_A1101_34887.36+I_A0211_43341.72+I_A0203_38114.21+I_A0101_33325.2+I_B3801_43741.21+I_A0201_38180.66+I_A3301_43481.2+I_A3101_37567.23+I_B0801_28401.16+N_A0101_39407.9+N_A0201_40175.5+N_A0301_36040.3+N_A2402_45062.8+N_A2601_38714+N_B0702_32528.6+N_B0801_38555.1+N_B2705_35625.9+N_B4001_10231.4+N_B5801_33233+N_B1501_14411.5","datai_mtb_esxa/esxa_iedb.csv"
"esxa","I_A01+I_A02+I_A03+I_A24+I_A26+I_B07+I_B08+I_B27+I_B44+I_B58+I_B62+N_A01+N_A02+N_A03+N_A24+N_A26+N_B07+N_B08+N_B27+N_B44+N_B58+N_B62","IHSLLDEGK","I+N+S","1+P9WNK7_ESXA","I_B3801_17548.55+I_A6801_5696.39+I_A1101_15693.16+I_A0301_21654.2+I_B2705_26617.12+I_B5301_36637.55+I_A3101_23702.67+I_B1801_30599.99+I_B1402_33296.01+I_A3301_26622.02+I_B4001_31581.85+I_A6601_30554+I_A0101_30186.96+I_A3001_17606.55+I_B4402_36561.12+I_A2301_41320.88+I_B1517_38675.44+I_B4801_37871.28+I_A2402_43825.05+I_B5701_29601.23+I_B5101_37756.71+I_A0201_34043.15+I_B5801_25692.13+I_A2601_33370.67+I_B0702_33863.51+I_B4403_46553.49+I_A3201_45460.39+I_A0206_38158.78+I_B1501_39820.65+I_B3501_37998.91+I_A3002_36123.85+I_A0203_38749.16+I_A0211_46546.43+I_B4501_46572.62+I_B3503_48088.83+I_B0801_39735.86+N_A0101_39396+N_A0201_37199.6+N_A0301_31470.3+N_A2402_37623.4+N_A2601_42760.4+N_B0702_44206+N_B0801_41915.3+N_B2705_17323.1+N_B4001_41524.4+N_B5801_32172+N_B1501_38519.2","datai_mtb_esxa/esxa_iedb.csv"
"esxa","I_A01+I_A02+I_A03+I_A24+I_A26+I_B07+I_B08+I_B27+I_B44+I_B58+I_B62+N_A01+N_A02+N_A03+N_A24+N_A26+N_B07+N_B08+N_B27+N_B44+N_B58+N_B62","IQGNVTSIH","I+N+S","1+P9WNK7_ESXA","I_B1501_1338.82+I_A3002_1191.6+I_B4801_24328.08+I_B4001_17655.97+I_A0301_15687.39+I_A3101_12893.83+I_A1101_20560.3+I_B2705_18089.5+I_A3201_30104.12+I_B1801_21983.53+I_A2402_31170.41+I_A6601_16395.23+I_B5301_33907.87+I_B5801_24308.08+I_B3501_16800.72+I_B4403_35877.29+I_A0206_19029.28+I_A2301_32272.73+I_A2601_27630.07+I_B3801_36564.68+I_B5701_22770.8+I_B1402_28550.9+I_B1517_31910.57+I_A6801_33128.55+I_B0702_24266.31+I_A0101_28931.21+I_A0201_31552.48+I_A0203_26817.15+I_A0211_36865.39+I_B5101_33243.1+I_A3001_16975.78+I_A3301_37172.19+I_B4402_32327.6+I_B3503_46325.87+I_B4501_45106.16+I_B0801_20390.39+N_A0101_34303.4+N_A0201_36962+N_A0301_15501.1+N_A2402_41352.6+N_A2601_34317.6+N_B0702_36693.5+N_B0801_36091.8+N_B2705_20237.6+N_B4001_36152.8+N_B5801_29915.5+N_B1501_702.9","datai_mtb_esxa/esxa_iedb.csv"
"esxa","I_A01+I_A02+I_A03+I_A24+I_A26+I_B07+I_B08+I_B27+I_B44+I_B58+I_B62+N_A01+N_A02+N_A03+N_A24+N_A26+N_B07+N_B08+N_B27+N_B44+N_B58+N_B62","ISEAGQAMA","I+N+S","1+P9WNK7_ESXA","I_A0101_3299.64+I_B4501_27765.52+I_A3002_10193.64+I_B5701_15857.18+I_B5801_18803.94+I_B1517_13963.8+I_A0211_17867.94+I_A6601_28415.91+I_B1501_20884.51+I_A3001_11416.11+I_B0702_27011.97+I_A0203_17255.21+I_B3501_18476.22+I_A0201_22736.35+I_A1101_28343.45+I_A0206_19868.58+I_A6801_34886.23+I_A0301_29496.66+I_A2601_27455.73+I_B1402_29995.52+I_B4001_29733.8+I_B4402_32414.11+I_B3503_37713.44+I_B4801_34489.89+I_A2402_40270.4+I_B5301_39167.73+I_A3101_30630.47+I_B0801_30033.19+I_B1801_30557.98+I_B5101_30049.11+I_A2301_40193.78+I_B3801_43764.41+I_B2705_32151.08+I_A3201_43856.83+I_A3301_42764.57+I_B4403_47875.99+N_A0101_7230.5+N_A0201_24007.8+N_A0301_33356.2+N_A2402_42805.3+N_A2601_41598.5+N_B0702_28130.2+N_B0801_35255.1+N_B2705_38859.1+N_B4001_36857+N_B5801_15648.9+N_B1501_27229.4","datai_mtb_esxa/esxa_iedb.csv"
"esxa","I_A01+I_A02+I_A03+I_A24+I_A26+I_B07+I_B08+I_B27+I_B44+I_B58+I_B62+N_A01+N_A02+N_A03+N_A24+N_A26+N_B07+N_B08+N_B27+N_B44+N_B58+N_B62","KLAAAWGGS","I+N+S","1+P9WNK7_ESXA","I_A0211_510.48+I_A3002_3917.64+I_A0203_759.95+I_A0206_1303.63+I_A0301_11494.94+I_A3201_4794.11+I_A0201_9985.58+I_A3001_2880.49+I_B1501_15242.49+I_B2705_21888.83+I_A2601_21735.43+I_A3101_18434.28+I_B0702_21121.75+I_A1101_24968.36+I_B5701_23884.96+I_B4801_32508.23+I_B1517_33395.58+I_A0101_23043.94+I_A2402_38519.24+I_B4501_38330.91+I_B1402_26229.73+I_B4001_27724.38+I_B5801_21762.95+I_B4402_28576.86+I_A6601_18508.23+I_B3501_35342.89+I_A2301_38695.52+I_B1801_32303.82+I_A6801_40516.02+I_B4403_45539.65+I_B3503_47123.6+I_B5101_37083.81+I_B0801_35886.22+I_A3301_45644.24+I_B5301_45594.87+I_B3801_46252.73+N_A0101_35041.7+N_A0201_7802.3+N_A0301_10617.2+N_A2402_38892.4+N_A2601_34912.3+N_B0702_25241.3+N_B0801_33266.5+N_B2705_23847.8+N_B4001_34671.4+N_B5801_27086+N_B1501_12422.1","datai_mtb_esxa/esxa_iedb.csv"
"esxa","I_A01+I_A02+I_A03+I_A24+I_A26+I_B07+I_B08+I_B27+I_B44+I_B58+I_B62+N_A01+N_A02+N_A03+N_A24+N_A26+N_B07+N_B08+N_B27+N_B44+N_B58+N_B62","KQSLTKLAA","I+N+S","1+P9WNK7_ESXA","I_B4801_16331.85+I_B1501_1678.5+I_A3001_1576.05+I_B4501_5548.52+I_A0206_531.01+I_B1402_9651.4+I_B2705_8122.57+I_A3201_25309.17+I_A0203_2439.34+I_B4001_14609.68+I_A0201_10394.23+I_B0702_17052.17+I_B5801_15282.29+I_A0211_25425.27+I_B1801_19187.45+I_A0301_16394+I_A0101_26473.8+I_A3002_17521.04+I_A1101_17376.24+I_A3101_15277.99+I_B3801_37386.79+I_B4402_26458.9+I_B0801_23334.48+I_B4403_35708.07+I_A2402_37780.41+I_B1517_29558.97+I_A2301_39269.13+I_B3501_31798.22+I_B5701_22730.92+I_B5101_35635.51+I_A6601_24290.2+I_B5301_41377.25+I_A2601_29753.75+I_B3503_46922.12+I_A6801_45832.28+I_A3301_47088.42+N_A0101_35279.5+N_A0201_13156.6+N_A0301_21480.4+N_A2402_37423.6+N_A2601_42111.2+N_B0702_15755.4+N_B0801_15325.2+N_B2705_7012.2+N_B4001_10261.1+N_B5801_22664.6+N_B1501_1786.2","datai_mtb_esxa/esxa_iedb.csv"
"esxa","I_A01+I_A02+I_A03+I_A24+I_A26+I_B07+I_B08+I_B27+I_B44+I_B58+I_B62+N_A01+N_A02+N_A03+N_A24+N_A26+N_B07+N_B08+N_B27+N_B44+N_B58+N_B62","KWDATATEL","I+N+S","1+P9WNK7_ESXA","I_B4801_10675.3+I_A2301_7036.28+I_A2402_9458.6+I_B4001_9176.44+I_A3201_16203.19+I_B3801_17923.12+I_B5801_12386.1+I_A0206_5944.61+I_B1402_19176.65+I_A0101_23971.15+I_B3503_35027.31+I_A3002_10787.58+I_B0702_17982.76+I_B1517_14234.73+I_B2705_13547.84+I_A0211_18059.19+I_A0201_14866.25+I_B5301_31238.26+I_B5701_23494.33+I_A3001_14231.33+I_B5101_25226.6+I_B4402_27144.41+I_B1801_27519.67+I_A3101_21824.74+I_A6601_15360.04+I_B3501_17461.8+I_B1501_20919.56+I_A0301_28666.35+I_B4403_38503+I_A0203_29000.16+I_B0801_30319.54+I_A1101_30371.08+I_B4501_42602+I_A2601_34127.98+I_A3301_45504.69+I_A6801_45928.09+N_A0101_30565.9+N_A0201_11879.8+N_A0301_29616.3+N_A2402_5150.3+N_A2601_41469.1+N_B0702_23732.5+N_B0801_31534.7+N_B2705_25568.2+N_B4001_19066+N_B5801_27358.8+N_B1501_25035.5","datai_mtb_esxa/esxa_iedb.csv"
"esxa","I_A01+I_A02+I_A03+I_A24+I_A26+I_B07+I_B08+I_B27+I_B44+I_B58+I_B62+N_A01+N_A02+N_A03+N_A24+N_A26+N_B07+N_B08+N_B27+N_B44+N_B58+N_B62","LAAAWGGSG","I+N+S","1+P9WNK7_ESXA","I_B1402_7584.31+I_B5101_15649.41+I_B1501_1200.42+I_B3501_1403.55+I_B5701_4751.45+I_A2601_20314.19+I_B1517_20271.37+I_B4801_30776.64+I_B0702_13344.17+I_B5801_13665.47+I_A3002_16142.65+I_A6601_22005.9+I_A0203_13800.68+I_B5301_26143.04+I_A0101_28894.61+I_A0211_33555.68+I_A6801_35318.06+I_B4402_30897.08+I_A3001_15965.64+I_B3503_45648.18+I_B4501_38894.5+I_B2705_27828.68+I_B0801_29130.36+I_A1101_33756.32+I_A3301_39480.89+I_A0206_30696.5+I_A0301_34925.89+I_A2402_39245.36+I_B4001_27724.99+I_A0201_36500.64+I_A3201_42868.34+I_B4403_45754.99+I_A2301_37930.33+I_B3801_44715.96+I_B1801_35392.64+I_A3101_36107.83+N_A0101_32996.2+N_A0201_37505.1+N_A0301_34771.3+N_A2402_41742.4+N_A2601_33925.1+N_B0702_12403.3+N_B0801_23729.9+N_B2705_33018.3+N_B4001_37277.3+N_B5801_8604.3+N_B1501_6281.6","datai_mtb_esxa/esxa_iedb.csv"
"esxa","I_A01+I_A02+I_A03+I_A24+I_A26+I_B07+I_B08+I_B27+I_B44+I_B58+I_B62+N_A01+N_A02+N_A03+N_A24+N_A26+N_B07+N_B08+N_B27+N_B44+N_B58+N_B62","LARTISEAG","I+N+S","1+P9WNK7_ESXA","I_B3501_1450.91+I_B1402_9724.04+I_A3001_8198.68+I_B0801_7578.07+I_B1501_4066.34+I_B5101_20527.63+I_B5301_23369.09+I_B4801_27207.92+I_B5701_10801.36+I_A6601_23879.01+I_B1517_32289.49+I_B0702_18274.81+I_B5801_16159.24+I_A6801_33769.47+I_A2601_30014.68+I_A0101_28423.9+I_A3301_35465.87+I_A0203_23413.12+I_B2705_31592.1+I_B3503_46190.73+I_B4402_34385.95+I_A3201_41135.74+I_A0206_27265.38+I_B1801_31295.77+I_B4501_42703.52+I_B4001_29070.21+I_A0211_44034.18+I_A3101_30759.66+I_A0201_32141+I_A1101_36897.31+I_A0301_36438.3+I_A3002_30235.34+I_A2301_41691.82+I_A2402_44161.59+I_B3801_46565.56+I_B4403_46776.64+N_A0101_39929.4+N_A0201_39897.8+N_A0301_37298.3+N_A2402_41872.7+N_A2601_41489.8+N_B0702_9388.3+N_B0801_9226+N_B2705_34003+N_B4001_38368.3+N_B5801_9930+N_B1501_8986","datai_mtb_esxa/esxa_iedb.csv"
"esxa","I_A01+I_A02+I_A03+I_A24+I_A26+I_B07+I_B08+I_B27+I_B44+I_B58+I_B62+N_A01+N_A02+N_A03+N_A24+N_A26+N_B07+N_B08+N_B27+N_B44+N_B58+N_B62","LDEGKQSLT","I+N+S","1+P9WNK7_ESXA","I_A0101_29242.14+I_B4501_40292.2+I_B4402_31106.07+I_A6601_26095.56+I_B4801_38623.17+I_B5101_35628.57+I_B3503_41683.71+I_B1402_33727.84+I_B0702_35688.75+I_A3002_28622.97+I_A0211_41279.75+I_A2601_33172.3+I_A0203_34654.12+I_B1801_36624.06+I_A0201_42783.99+I_A3301_44537.79+I_B3501_34329.07+I_B0801_30339.54+I_B4001_35601.19+I_A6801_42945.4+I_B5701_33953.39+I_B5301_38972.01+I_B2705_37302.73+I_B1517_43130.25+I_B5801_35092.95+I_B3801_44599.5+I_A0301_40058.75+I_A0206_39000.27+I_A1101_40833.77+I_A2402_44872.51+I_A3101_41544.12+I_A2301_44082.34+I_B4403_47038.01+I_A3001_37390.02+I_B1501_40421+I_A3201_47102.7+N_A0101_37290.6+N_A0201_45574.1+N_A0301_43343.6+N_A2402_46947+N_A2601_45076.4+N_B0702_41790.7+N_B0801_39129.2+N_B2705_43667+N_B4001_43183.5+N_B5801_45044.2+N_B1501_44852.6","datai_mtb_esxa/esxa_iedb.csv"
"esxa","I_A01+I_A02+I_A03+I_A24+I_A26+I_B07+I_B08+I_B27+I_B44+I_B58+I_B62+N_A01+N_A02+N_A03+N_A24+N_A26+N_B07+N_B08+N_B27+N_B44+N_B58+N_B62","LLDEGKQSL","I+N+S","1+P9WNK7_ESXA","I_A0211_8.08+I_A0201_112.44+I_B1402_3496.88+I_A0206_232.08+I_B0801_6355.76+I_A0101_18009.04+I_A0203_1387.91+I_B0702_10360.09+I_B4801_19643.49+I_B3801_21762.25+I_B4001_17888.64+I_B1501_11627.29+I_A3201_22097.04+I_B1517_20026.99+I_B3503_36658.96+I_B5301_32729.87+I_B3501_12719.78+I_B5101_26487.26+I_B1801_22307.23+I_A2301_34856.79+I_B4402_25349.73+I_A0301_28073.34+I_A2402_37428.06+I_B5801_21547.17+I_A2601_30189.26+I_B5701_27771.83+I_B2705_25052.52+I_A6601_23797.25+I_A3101_30391.79+I_A1101_34624.5+I_A3002_27503.6+I_A3301_41765.4+I_A3001_27018.12+I_B4403_47064.5+I_A6801_45340.03+I_B4501_46951.05+N_A0101_11516.4+N_A0201_49.3+N_A0301_32661.2+N_A2402_29919+N_A2601_35879.6+N_B0702_7523.7+N_B0801_8235.8+N_B2705_28098+N_B4001_15420+N_B5801_25929.8+N_B1501_11363.9","datai_mtb_esxa/esxa_iedb.csv"
"esxa","I_A01+I_A02+I_A03+I_A24+I_A26+I_B07+I_B08+I_B27+I_B44+I_B58+I_B62+N_A01+N_A02+N_A03+N_A24+N_A26+N_B07+N_B08+N_B27+N_B44+N_B58+N_B62","LNNALQNLA","I+N+S","1+P9WNK7_ESXA","I_B4501_15013.83+I_A0101_17492.06+I_B5101_22019.95+I_B4402_24959.46+I_B5801_14757.75+I_B1402_24798.21+I_B4801_28821.22+I_A3001_6095.59+I_B2705_25907.35+I_A3002_18334.23+I_A0203_17911.88+I_A3101_24708.22+I_B0801_23605.43+I_B5701_22064.79+I_B5301_33408.59+I_B3501_21893.8+I_B1501_22759.23+I_A3201_40797.1+I_B1801_28769.52+I_A3301_35205.52+I_A0201_30243.2+I_A2601_28020.23+I_A6801_34381.85+I_A6601_25244.08+I_A0211_36006.02+I_A0301_30733.38+I_B4403_44837.56+I_B0702_30999.55+I_A2402_37976.71+I_A1101_34553.39+I_A2301_40449.45+I_B3801_42409.75+I_B3503_44025.12+I_A0206_30368.46+I_B4001_33866.81+I_B1517_41802.02+N_A0101_22358.7+N_A0201_31397.2+N_A0301_32740.5+N_A2402_38622.7+N_A2601_39040.4+N_B0702_35373.5+N_B0801_23853.7+N_B2705_30003+N_B4001_34761.1+N_B5801_16437+N_B1501_21841.5","datai_mtb_esxa/esxa_iedb.csv"
"esxa","I_A01+I_A02+I_A03+I_A24+I_A26+I_B07+I_B08+I_B27+I_B44+I_B58+I_B62+N_A01+N_A02+N_A03+N_A24+N_A26+N_B07+N_B08+N_B27+N_B44+N_B58+N_B62","LQNLARTIS","I+N+S","1+P9WNK7_ESXA","I_B4801_22664.38+I_B1501_4897.13+I_B1801_14339.38+I_B4001_22597.04+I_B2705_15475.14+I_B1402_20153.07+I_B4501_29926.79+I_B0702_24917.62+I_A3101_22935.23+I_A3001_5084.87+I_B5801_21138.67+I_A0206_13364.69+I_A0203_15990.19+I_A3201_35092.18+I_B3501_24539.31+I_B5101_32622.73+I_A3002_23709.6+I_B4402_29983.51+I_B5301_37436.56+I_B4403_43499.57+I_A6601_16971.55+I_B0801_16651.96+I_A1101_30734.71+I_A0101_29101.06+I_A0211_39443.3+I_A2601_25142.68+I_B3801_40119.92+I_A0301_31278.18+I_B5701_26917.16+I_B1517_40404.4+I_B3503_45114.95+I_A0201_32783.38+I_A2402_41750.05+I_A2301_40475.7+I_A3301_42520.48+I_A6801_41705.81+N_A0101_38445.1+N_A0201_32396.6+N_A0301_29421.8+N_A2402_42503.5+N_A2601_42222.5+N_B0702_23037.5+N_B0801_18285.9+N_B2705_21465+N_B4001_22118.3+N_B5801_31754.6+N_B1501_3354.5","datai_mtb_esxa/esxa_iedb.csv"
"esxa","I_A01+I_A02+I_A03+I_A24+I_A26+I_B07+I_B08+I_B27+I_B44+I_B58+I_B62+N_A01+N_A02+N_A03+N_A24+N_A26+N_B07+N_B08+N_B27+N_B44+N_B58+N_B62","LTKLAAAWG","I+N+S","1+P9WNK7_ESXA","I_A3001_1583.93+I_B1517_10881.24+I_B5701_4376.85+I_A6601_21585.91+I_B1501_11312.46+I_A2601_24770.86+I_A6801_29092.86+I_A3301_30108.68+I_B5801_20828.31+I_A0203_14752.32+I_A3002_25194.42+I_B5101_31600.31+I_B4402_30705.79+I_B0801_19993.22+I_B0702_31566.83+I_A0211_39750.91+I_A0101_31998.73+I_B3503_44662.3+I_B1402_33336.02+I_A1101_32408.13+I_A0301_30959.67+I_A0206_25916.89+I_A0201_29993.59+I_A3101_27588.25+I_B1801_28765.16+I_A2402_40569.96+I_A3201_42808.53+I_B4801_38769.29+I_B4001_31075.79+I_B5301_42520.04+I_B4501_43701.01+I_B3501_32420.76+I_B4403_45727.27+I_A2301_41231.09+I_B2705_30410.87+I_B3801_45654.6+N_A0101_31791.7+N_A0201_37309.2+N_A0301_28876.8+N_A2402_38054.9+N_A2601_33285.2+N_B0702_27950.9+N_B0801_20565+N_B2705_33284.8+N_B4001_39794.8+N_B5801_7402.6+N_B1501_16167.6","datai_mtb_esxa/esxa_iedb.csv"
"esxa","I_A01+I_A02+I_A03+I_A24+I_A26+I_B07+I_B08+I_B27+I_B44+I_B58+I_B62+N_A01+N_A02+N_A03+N_A24+N_A26+N_B07+N_B08+N_B27+N_B44+N_B58+N_B62","MASTEGNVT","I+N+S","1+P9WNK7_ESXA","I_B3501_582.61+I_B5701_6892.51+I_A6601_22276.35+I_B5301_18232.75+I_B5801_4091.63+I_A3002_19416.96+I_B4501_30876.7+I_B5101_18387.87+I_A0101_23538.36+I_B0702_23768.68+I_A6801_21877.69+I_B3503_43784.29+I_B1501_19906.44+I_B1402_21624.71+I_B4801_36695.06+I_B0801_22480.96+I_A0203_13558.1+I_B1517_35531.55+I_A1101_27691.72+I_B4402_30519.66+I_A3001_18089.7+I_A2601_28755.5+I_A0206_18979.52+I_B4001_24487.06+I_B1801_30931.87+I_A0211_42173.64+I_B4403_44161.11+I_B3801_42962.58+I_A3201_43111.12+I_A3301_43489.67+I_A0301_36857.4+I_A0201_34968.99+I_A2301_40543.65+I_A2402_41392.46+I_A3101_37277.72+I_B2705_38295.68+N_A0101_31403.3+N_A0201_33758.1+N_A0301_40342.4+N_A2402_44918.2+N_A2601_38349.2+N_B0702_17764.4+N_B0801_22058.6+N_B2705_39438.6+N_B4001_34976.2+N_B5801_19668.8+N_B1501_18589.9","datai_mtb_esxa/esxa_iedb.csv"
"esxa","I_A01+I_A02+I_A03+I_A24+I_A26+I_B07+I_B08+I_B27+I_B44+I_B58+I_B62+N_A01+N_A02+N_A03+N_A24+N_A26+N_B07+N_B08+N_B27+N_B44+N_B58+N_B62","MTEQQWNFA","I+N+S","1+P9WNK7_ESXA","I_A0101_145.5+I_A6601_4912.31+I_A3001_291.04+I_B4501_14273.13+I_A0206_1486.43+I_B3501_12196.85+I_A2601_17488.08+I_A3002_12313.14+I_A3301_22524.54+I_A6801_23524.09+I_B0801_18241.03+I_A3201_6195.66+I_A0211_15880.01+I_B5701_17055.68+I_A3101_16172.71+I_B1402_14761.11+I_B5801_22745.44+I_A1101_21170.94+I_A0201_13363.68+I_B0702_25609.7+I_B1517_27180.26+I_B1801_24900.92+I_A0203_16226.34+I_A0301_27323.25+I_A2301_36428.05+I_B4402_23633.54+I_B4001_23260.87+I_A2402_37671.82+I_B5101_27052.62+I_B5301_30054.66+I_B1501_29533.4+I_B3801_39661.98+I_B3503_45749.54+I_B4801_38112.15+I_B4403_44570.57+I_B2705_34872.26+N_A0101_1057+N_A0201_17522+N_A0301_27575.7+N_A2402_34810.8+N_A2601_21569.6+N_B0702_26590.6+N_B0801_21448.8+N_B2705_32551.2+N_B4001_35457.8+N_B5801_19669.7+N_B1501_28410.4","datai_mtb_esxa/esxa_iedb.csv"
"esxa","I_A01+I_A02+I_A03+I_A24+I_A26+I_B07+I_B08+I_B27+I_B44+I_B58+I_B62+N_A01+N_A02+N_A03+N_A24+N_A26+N_B07+N_B08+N_B27+N_B44+N_B58+N_B62","NALQNLART","I+N+S","1+P9WNK7_ESXA","I_B3501_13857.09+I_B1402_19920.67+I_B5701_14427.31+I_A6601_11364.85+I_A0206_9158.98+I_B5101_27384.52+I_B4501_37935.66+I_B0702_25775.94+I_A0211_20505.43+I_B5301_33698.29+I_B0801_23539.12+I_A3002_20711.46+I_A3001_23263.14+I_A0203_16849.69+I_B2705_27402.31+I_A2601_28520.63+I_B1801_27846.76+I_A6801_30439.18+I_A0201_23022.25+I_B4402_31906.09+I_A3301_36472.22+I_B3503_45505.66+I_A2301_32948.02+I_B5801_20015.07+I_A0101_30822.29+I_B4801_35512.33+I_B1517_36771.39+I_B4403_43390.05+I_A2402_41685.96+I_B4001_31241.31+I_A1101_38167.02+I_A3101_34773.18+I_A0301_38875.57+I_B1501_37856.92+I_B3801_43929.01+I_A3201_43613.14+N_A0101_39630.2+N_A0201_23191.3+N_A0301_41075.2+N_A2402_43067.8+N_A2601_31395.8+N_B0702_28871.5+N_B0801_17981+N_B2705_36871.8+N_B4001_39711.8+N_B5801_27838.9+N_B1501_34132","datai_mtb_esxa/esxa_iedb.csv"
"esxa","I_A01+I_A02+I_A03+I_A24+I_A26+I_B07+I_B08+I_B27+I_B44+I_B58+I_B62+N_A01+N_A02+N_A03+N_A24+N_A26+N_B07+N_B08+N_B27+N_B44+N_B58+N_B62","NFAGIEAAA","I+N+S","1+P9WNK7_ESXA","I_B4501_13385.82+I_B1801_11596.26+I_A3301_15398.81+I_B3501_7186.77+I_A0211_20190.17+I_A6801_18520.45+I_B1402_13367.44+I_B3503_40734.92+I_A0203_11511.63+I_A2601_27105.36+I_B4801_28104.95+I_A0206_8901.64+I_A2301_32573.37+I_A0101_26217.82+I_B0702_22291.07+I_A2402_32569.49+I_A3002_13909.37+I_B4402_26999.71+I_B0801_23556.94+I_A0201_21798.77+I_A3001_22828.04+I_B5301_38474.26+I_A3101_27541.12+I_B4001_30632.13+I_B5801_24177.19+I_A6601_23810.12+I_B3801_41313.71+I_A3201_41865.39+I_B1501_24535.86+I_B4403_44097.61+I_B2705_33365.61+I_B5701_27077.23+I_A0301_34141.27+I_A1101_36392.97+I_B1517_42709.06+I_B5101_33445.13+N_A0101_36385.5+N_A0201_13329.6+N_A0301_35506.6+N_A2402_31487.7+N_A2601_25911+N_B0702_27519.1+N_B0801_18034.6+N_B2705_33162.6+N_B4001_32974.1+N_B5801_36205.6+N_B1501_25210","datai_mtb_esxa/esxa_iedb.csv"
"esxa","I_A01+I_A02+I_A03+I_A24+I_A26+I_B07+I_B08+I_B27+I_B44+I_B58+I_B62+N_A01+N_A02+N_A03+N_A24+N_A26+N_B07+N_B08+N_B27+N_B44+N_B58+N_B62","NLARTISEA","I+N+S","1+P9WNK7_ESXA","I_A0203_8.05+I_A0211_744.23+I_A0201_670.49+I_A0206_795.59+I_B1402_8163.63+I_B4501_26458.05+I_B0801_12635.7+I_A0101_19140.58+I_A2601_21998.75+I_B0702_19017.97+I_A6801_21963.79+I_B1501_12039.78+I_B1801_22321.23+I_A0301_23186.75+I_B4402_27908.58+I_A2301_35488.13+I_A3001_14767.17+I_B3501_25431.32+I_A3002_21921.53+I_A6601_12909.73+I_B5101_34023.27+I_B2705_23561.79+I_B5801_23552.87+I_A2402_38760.06+I_B3801_40693.52+I_A1101_29549.71+I_A3301_35672.92+I_A3101_29408.72+I_A3201_41193.19+I_B4001_28999.84+I_B5701_28427.6+I_B4403_45185.79+I_B5301_41409.93+I_B3503_47215.47+I_B4801_40222.93+I_B1517_42417.55+N_A0101_28679.4+N_A0201_677.1+N_A0301_25458.9+N_A2402_38974.5+N_A2601_17881.1+N_B0702_16880.2+N_B0801_5217.2+N_B2705_29337.9+N_B4001_34435.5+N_B5801_32668+N_B1501_9476.3","datai_mtb_esxa/esxa_iedb.csv"
"esxa","I_A01+I_A02+I_A03+I_A24+I_A26+I_B07+I_B08+I_B27+I_B44+I_B58+I_B62+N_A01+N_A02+N_A03+N_A24+N_A26+N_B07+N_B08+N_B27+N_B44+N_B58+N_B62","NNALQNLAR","I+N+S","1+P9WNK7_ESXA","I_A3301_919.15+I_A6801_572.34+I_B1402_17148.2+I_A3101_5803.08+I_B1801_26545.21+I_A1101_18833.67+I_B2705_23915.21+I_A0301_24101.19+I_B3501_26458.9+I_B0702_29739.9+I_A6601_22026.63+I_A0101_30522.94+I_B0801_30277.58+I_A2601_29148.32+I_B5101_33645.84+I_B5301_39241.11+I_B4001_30543.76+I_B4501_44240.5+I_B4402_32711.47+I_B4801_33645.11+I_B4403_44202.71+I_B3503_46260.73+I_A3201_42360.69+I_B1517_38893.65+I_A2301_42374.43+I_A3001_28435.29+I_A2402_44080.89+I_B3801_43398.95+I_B1501_38036.35+I_B5801_35254.3+I_A0201_38725.25+I_B5701_34036.52+I_A0203_36847.04+I_A0206_38735.75+I_A3002_36326.49+I_A0211_46937.86+N_A0101_29345.2+N_A0201_41438.6+N_A0301_28641.9+N_A2402_41681+N_A2601_30478.7+N_B0702_38295.3+N_B0801_26708+N_B2705_23706.5+N_B4001_40724.3+N_B5801_39341.4+N_B1501_38150.9","datai_mtb_esxa/esxa_iedb.csv"
"esxa","I_A01+I_A02+I_A03+I_A24+I_A26+I_B07+I_B08+I_B27+I_B44+I_B58+I_B62+N_A01+N_A02+N_A03+N_A24+N_A26+N_B07+N_B08+N_B27+N_B44+N_B58+N_B62","NVTSIHSLL","I+N+S","1+P9WNK7_ESXA","I_A2601_9961.41+I_A6801_1751.6+I_B3801_11479.78+I_A3301_3954.78+I_B0702_8627.88+I_B3503_35691.45+I_B4801_9120.51+I_B5301_9429.88+I_A0203_1116.77+I_A0101_16608.05+I_A6601_12218.25+I_A2301_10216.72+I_A0206_2112.44+I_B3501_5719.37+I_B4001_19921.09+I_A0211_14330.23+I_A3101_8498.91+I_B1801_17078.38+I_B4402_21330.75+I_B0801_6973.52+I_A2402_17304.57+I_B1517_15839.35+I_A0201_11360.42+I_B5701_15301.15+I_B5801_11743.1+I_A0301_18374.54+I_B5101_21787.7+I_B2705_17869.29+I_A3001_11548.05+I_A1101_23767.91+I_A3201_26272.05+I_B4403_38397.34+I_B1402_14544.07+I_A3002_16379.28+I_B1501_22096.09+I_B4501_43925.7+N_A0101_23451.9+N_A0201_6171.8+N_A0301_27028.9+N_A2402_15418.8+N_A2601_2856.6+N_B0702_6055.4+N_B0801_5738.3+N_B2705_23201+N_B4001_22153.3+N_B5801_7328.7+N_B1501_10840.6","datai_mtb_esxa/esxa_iedb.csv"
"esxa","I_A01+I_A02+I_A03+I_A24+I_A26+I_B07+I_B08+I_B27+I_B44+I_B58+I_B62+N_A01+N_A02+N_A03+N_A24+N_A26+N_B07+N_B08+N_B27+N_B44+N_B58+N_B62","QAMASTEGN","I+N+S","1+P9WNK7_ESXA","I_B3501_5154.66+I_B5301_20306.28+I_B4402_20843.87+I_B5801_5644.31+I_A6801_14467.63+I_B5101_26507.9+I_B4801_29101.68+I_B1517_24783.72+I_A6601_18423.12+I_B5701_17542.29+I_A1101_22747.65+I_B1402_21905.65+I_B4403_32145.17+I_A0206_22273.95+I_A0101_29126.88+I_A3201_35015.57+I_A2301_34040.93+I_A2601_27008.17+I_B1501_25705.75+I_B4001_25884.1+I_A0211_39772.43+I_B2705_29587.12+I_B0702_26471.22+I_B4501_41002.44+I_A3001_26678.82+I_B3503_47043.1+I_A3301_36211.51+I_A0203_33528.1+I_A0201_39017.98+I_B3801_43399.42+I_A3101_27475.04+I_A3002_28627.31+I_A0301_35081.54+I_B0801_32611.79+I_A2402_43423.39+I_B1801_36053.57+N_A0101_38902.1+N_A0201_40421+N_A0301_36170+N_A2402_44764.4+N_A2601_38877.2+N_B0702_33424.5+N_B0801_35739+N_B2705_37475.5+N_B4001_42147.6+N_B5801_8416.5+N_B1501_30196.4","datai_mtb_esxa/esxa_iedb.csv"
"esxa","I_A01+I_A02+I_A03+I_A24+I_A26+I_B07+I_B08+I_B27+I_B44+I_B58+I_B62+N_A01+N_A02+N_A03+N_A24+N_A26+N_B07+N_B08+N_B27+N_B44+N_B58+N_B62","QGNVTSIHS","I+N+S","1+P9WNK7_ESXA","I_B5801_17964.67+I_B1501_22298.06+I_B4501_38737.42+I_A6601_27457.52+I_A3001_13679.23+I_B4402_30559.95+I_B5301_37481.95+I_B3501_28144.8+I_A0211_37961.53+I_B4403_43818.41+I_B3503_46173.22+I_A3002_28527.73+I_A1101_30981.44+I_A0101_31751.46+I_B5101_30830.64+I_B4001_32461.83+I_B4801_37562.34+I_A3101_33814.8+I_A3201_43535.35+I_B1517_41508.18+I_B5701_32454.1+I_A0206_37755.49+I_B1402_35811.36+I_A0301_35247.82+I_A6801_39963.51+I_A0203_34463.41+I_B2705_32226.66+I_B1801_39275.52+I_B0801_34840.21+I_A2301_43091.08+I_A0201_35190.26+I_A2601_35289.03+I_A3301_41815.61+I_B3801_46623.04+I_B0702_37038.9+I_A2402_46104.84+N_A0101_41269.1+N_A0201_40753.4+N_A0301_36611+N_A2402_45790.2+N_A2601_45807.5+N_B0702_40959+N_B0801_37392+N_B2705_41690.5+N_B4001_44642.5+N_B5801_26953.9+N_B1501_32797.2","datai_mtb_esxa/esxa_iedb.csv"
"esxa","I_A01+I_A02+I_A03+I_A24+I_A26+I_B07+I_B08+I_B27+I_B44+I_B58+I_B62+N_A01+N_A02+N_A03+N_A24+N_A26+N_B07+N_B08+N_B27+N_B44+N_B58+N_B62","QGVQQKWDA","I+N+S","1+P9WNK7_ESXA","I_B4501_33473.72+I_A6601_15893.94+I_B5801_22273.46+I_B4402_29965.36+I_B0801_22766.62+I_B3501_29153.38+I_B4801_36614.16+I_A0206_32167.8+I_B1801_33796.16+I_A2301_42563.3+I_B5701_28444.51+I_A0211_41247.61+I_A3001_24944.61+I_B4403_43068.71+I_A0101_32573.01+I_B5101_36433.95+I_A3002_27341.88+I_B4001_32635.44+I_B1402_36734.79+I_B3801_43744.52+I_B0702_36747.92+I_B1517_42822.44+I_B3503_46782.22+I_B2705_33050.13+I_B1501_37592.03+I_A2402_44982.35+I_A0203_37946.75+I_A3201_45447.61+I_A0201_39056.85+I_A6801_45295.43+I_A1101_39470.63+I_A3101_37781.24+I_A3301_44006.56+I_A2601_39210.12+I_B5301_42402.86+I_A0301_42913.34+N_A0101_42727.1+N_A0201_39210.1+N_A0301_41794.3+N_A2402_43222.3+N_A2601_45215.6+N_B0702_40800.6+N_B0801_24298.1+N_B2705_38705.6+N_B4001_42698.4+N_B5801_29605.1+N_B1501_39947.5","datai_mtb_esxa/esxa_iedb.csv"
"esxa","I_A01+I_A02+I_A03+I_A24+I_A26+I_B07+I_B08+I_B27+I_B44+I_B58+I_B62+N_A01+N_A02+N_A03+N_A24+N_A26+N_B07+N_B08+N_B27+N_B44+N_B58+N_B62","QKWDATATE","I+N+S","1+P9WNK7_ESXA","I_B4801_18348.52+I_B3503_43702.42+I_B1801_24231.94+I_A6601_13547.84+I_B2705_22426.29+I_B4403_33805.66+I_B0702_23155.91+I_B4501_37989.06+I_A3201_31242.33+I_B4001_26543.21+I_B3501_17517.06+I_A3301_34803.67+I_B3801_37118.34+I_B4402_28863.99+I_B5101_33408.59+I_B1402_20303.86+I_A6801_38894.07+I_A0206_26981.31+I_B5301_39489.85+I_A2601_31417.57+I_A3002_25152.47+I_A2301_32604.39+I_B1517_35399.54+I_A0211_38786.07+I_B1501_30457.96+I_A0201_37001.25+I_A3101_29506.25+I_A2402_41717.08+I_B0801_30123.02+I_B5701_32098.96+I_A0101_33536.79+I_A0203_38429.32+I_A1101_39354.21+I_A3001_36215.83+I_B5801_29970.54+I_A0301_41861.78+N_A0101_46568.6+N_A0201_39255.5+N_A0301_41818.3+N_A2402_46227.7+N_A2601_43994.2+N_B0702_39183.8+N_B0801_39118.6+N_B2705_24985.1+N_B4001_34191.5+N_B5801_41256.1+N_B1501_32526.5","datai_mtb_esxa/esxa_iedb.csv"
"esxa","I_A01+I_A02+I_A03+I_A24+I_A26+I_B07+I_B08+I_B27+I_B44+I_B58+I_B62+N_A01+N_A02+N_A03+N_A24+N_A26+N_B07+N_B08+N_B27+N_B44+N_B58+N_B62","QNLARTISE","I+N+S","1+P9WNK7_ESXA","I_B1402_4253.87+I_B0801_11787.52+I_A3301_21931.97+I_B4801_26758.03+I_A3201_24235.61+I_B0702_26182.95+I_A6801_34511.56+I_B4501_41101.48+I_A6601_18937.68+I_B4001_30476.09+I_A1101_33445.49+I_B3501_31550.77+I_B4402_33511.41+I_B1801_33065.52+I_A2601_28348.04+I_B1517_34914.54+I_A3001_17007.03+I_B4403_42994.67+I_B1501_31898.82+I_B5101_31928.17+I_A3101_27909.48+I_B3503_46455.87+I_B5301_43196.59+I_B2705_31952.73+I_A0301_35686.82+I_A2301_36397.71+I_A0206_33937.6+I_A0101_32304.51+I_B5801_33997.52+I_B5701_30979.1+I_A3002_33185.95+I_A0211_44656.97+I_B3801_45143.76+I_A0201_39077.99+I_A0203_37026.89+I_A2402_43940.43+N_A0101_42870.7+N_A0201_41530.6+N_A0301_32691.6+N_A2402_43336.1+N_A2601_43084.6+N_B0702_36983.6+N_B0801_12837.6+N_B2705_34258.6+N_B4001_42260.4+N_B5801_37500.2+N_B1501_37468.6","datai_mtb_esxa/esxa_iedb.csv"
"esxa","I_A01+I_A02+I_A03+I_A24+I_A26+I_B07+I_B08+I_B27+I_B44+I_B58+I_B62+N_A01+N_A02+N_A03+N_A24+N_A26+N_B07+N_B08+N_B27+N_B44+N_B58+N_B62","QQKWDATAT","I+N+S","1+P9WNK7_ESXA","I_B4801_18417.34+I_B4501_17880.12+I_A3002_11732.68+I_A0206_11526.45+I_B1501_7599.92+I_A0203_7185.14+I_B2705_15450.71+I_B4001_19027.85+I_B3801_30264.15+I_B1402_15980.33+I_B3501_25315.47+I_A0211_33361.63+I_B0801_23187.24+I_A6601_17340.56+I_B4402_25099.46+I_B1801_24731.5+I_B5101_34206.34+I_A3001_25996.64+I_B0702_28183.51+I_A3201_38117.51+I_A2601_29531.48+I_B3503_44829.32+I_B4403_37963.17+I_A0201_33070.54+I_A3101_33832.01+I_A1101_35037.93+I_B1517_37152.08+I_A0301_37053.33+I_B5301_43191.43+I_B5701_31162.99+I_A0101_34490.27+I_A6801_42631.52+I_A3301_44467.01+I_A2301_42735.43+I_A2402_43826.94+I_B5801_30352.7+N_A0101_43964.7+N_A0201_33063.4+N_A0301_39216.5+N_A2402_44934.7+N_A2601_38667.5+N_B0702_28226.5+N_B0801_19974+N_B2705_29931.7+N_B4001_20235+N_B5801_40093.5+N_B1501_7169.5","datai_mtb_esxa/esxa_iedb.csv"
"esxa","I_A01+I_A02+I_A03+I_A24+I_A26+I_B07+I_B08+I_B27+I_B44+I_B58+I_B62+N_A01+N_A02+N_A03+N_A24+N_A26+N_B07+N_B08+N_B27+N_B44+N_B58+N_B62","QQWNFAGIE","I+N+S","1+P9WNK7_ESXA","I_B4801_6240.4+I_B4001_7757.02+I_A3002_5930.35+I_A3201_22234.7+I_B4403_19383.38+I_B4501_22464.67+I_A0206_8348.53+I_B2705_17680.24+I_B1801_22219.06+I_B1501_15530.83+I_B3501_28691.79+I_B3801_33168.73+I_A1101_31153.2+I_A6601_24790.42+I_A3101_22131.01+I_A2601_27380.97+I_B5101_32068.39+I_A3301_34834.93+I_A0201_27537.55+I_A6801_39182.14+I_B4402_29709.03+I_B1517_31316.1+I_B3503_45759.45+I_A0211_41413.08+I_A0101_29376.61+I_A0203_30331.02+I_B5301_42544.89+I_A0301_36325.32+I_B5701_27785.96+I_B0801_22727.97+I_A2301_37721.18+I_A2402_43056.13+I_A3001_29560.9+I_B5801_30138.33+I_B1402_39137.64+I_B0702_28568.51+N_A0101_40998.4+N_A0201_20554.3+N_A0301_27419.8+N_A2402_41026.4+N_A2601_41109.9+N_B0702_37746.9+N_B0801_34352.1+N_B2705_14666.1+N_B4001_19763.5+N_B5801_33038.3+N_B1501_10646.1","datai_mtb_esxa/esxa_iedb.csv"
"esxa","I_A01+I_A02+I_A03+I_A24+I_A26+I_B07+I_B08+I_B27+I_B44+I_B58+I_B62+N_A01+N_A02+N_A03+N_A24+N_A26+N_B07+N_B08+N_B27+N_B44+N_B58+N_B62","QSLTKLAAA","I+N+S","1+P9WNK7_ESXA","I_B0801_2130.53+I_B4501_13660.74+I_A0206_733.01+I_B1402_7012.56+I_A0101_18954.69+I_B5801_16358.03+I_A3002_12636.25+I_A0203_4220.17+I_A6601_19446.82+I_B1517_16084.41+I_B3501_23359.23+I_A3001_4358.32+I_A2601_22137.23+I_A0201_13364.25+I_A3201_30489.62+I_A3101_14418.72+I_B0702_22351.69+I_B5701_16125.53+I_A1101_22424.35+I_B4801_31517.68+I_B1501_14398.3+I_A0211_29596.74+I_A0301_25889.98+I_A3301_29817.87+I_B2705_24102.5+I_B5101_32987.61+I_B1801_26508.48+I_B4402_32122.91+I_B4001_28254.04+I_A2301_39725.54+I_B3503_41808.81+I_A6801_38000.97+I_B4403_44467.01+I_B3801_45293.47+I_A2402_43161.53+I_B5301_42396.9+N_A0101_28074.9+N_A0201_8958.5+N_A0301_24971.9+N_A2402_39192.7+N_A2601_23707.3+N_B0702_13470.1+N_B0801_1599.3+N_B2705_25659.9+N_B4001_32485.4+N_B5801_15556.7+N_B1501_12802.5","datai_mtb_esxa/esxa_iedb.csv"
"esxa","I_A01+I_A02+I_A03+I_A24+I_A26+I_B07+I_B08+I_B27+I_B44+I_B58+I_B62+N_A01+N_A02+N_A03+N_A24+N_A26+N_B07+N_B08+N_B27+N_B44+N_B58+N_B62","QWNFAGIEA","I+N+S","1+P9WNK7_ESXA","I_B4501_9142.94+I_A3001_4491.12+I_B4402_19267.33+I_B4403_31035.13+I_A6601_14251.99+I_A2301_25981.19+I_A0101_23044.19+I_B1801_22284.56+I_B3501_12008.68+I_B4001_21093.21+I_A2402_29530.2+I_A3002_19527.57+I_B2705_20130.18+I_B5101_29275.69+I_B1402_26604.73+I_B0702_30302.49+I_A0206_17971.28+I_B5801_23183.73+I_A0203_21408.2+I_B4801_34551.16+I_B1501_12785.6+I_A0211_35109.65+I_A3301_38719.41+I_B3503_45923.11+I_A2601_28232.95+I_A0201_28118.02+I_A1101_30736.38+I_A3101_24755.6+I_A3201_42012.88+I_B1517_36284.07+I_B3801_43378.3+I_A0301_32588.52+I_A6801_39870.24+I_B5301_39209.29+I_B5701_32538.83+I_B0801_36361.89+N_A0101_38266.7+N_A0201_29854.3+N_A0301_31778.6+N_A2402_20032.4+N_A2601_39461.7+N_B0702_35595.4+N_B0801_30621.2+N_B2705_33332.1+N_B4001_34243.4+N_B5801_37566+N_B1501_24454.5","datai_mtb_esxa/esxa_iedb.csv"
"esxa","I_A01+I_A02+I_A03+I_A24+I_A26+I_B07+I_B08+I_B27+I_B44+I_B58+I_B62+N_A01+N_A02+N_A03+N_A24+N_A26+N_B07+N_B08+N_B27+N_B44+N_B58+N_B62","RTISEAGQA","I+N+S","1+P9WNK7_ESXA","I_A3001_733.63+I_A3002_2310.63+I_A6601_14768.61+I_B5801_9766.11+I_B5701_7032.62+I_B1517_5227.17+I_A0203_5152.66+I_A2601_22039.49+I_A0211_19254+I_B1501_11599.14+I_A0101_22346.37+I_B0702_18824.91+I_A0206_4466.11+I_B4501_30026.7+I_A3201_34016.27+I_A1101_17916.92+I_B2705_22380.72+I_A0301_24111.62+I_A0201_26810.77+I_B4001_20529.41+I_A6801_32199.14+I_B4801_34607.65+I_A3101_25694.07+I_B3503_44520.93+I_A2402_36213.47+I_B4402_31194.36+I_A2301_39096.59+I_B4403_43649.49+I_B1402_30950.96+I_B5101_32833.8+I_B0801_32586.06+I_B1801_33122.45+I_B3801_43718.48+I_B3501_32539.19+I_B5301_43626.84+I_A3301_44962.89+N_A0101_27209.4+N_A0201_17214.6+N_A0301_20130.6+N_A2402_40006.8+N_A2601_22784.9+N_B0702_16341.2+N_B0801_30691.2+N_B2705_24021+N_B4001_31429.8+N_B5801_7985.2+N_B1501_8250.6","datai_mtb_esxa/esxa_iedb.csv"
"esxa","I_A01+I_A02+I_A03+I_A24+I_A26+I_B07+I_B08+I_B27+I_B44+I_B58+I_B62+N_A01+N_A02+N_A03+N_A24+N_A26+N_B07+N_B08+N_B27+N_B44+N_B58+N_B62","SAIQGNVTS","I+N+S","1+P9WNK7_ESXA","I_A6601_16144.38+I_B3501_1709.38+I_A3201_19213.62+I_B1501_14078.49+I_B1517_20854.03+I_A6801_14564.38+I_A3001_14138.48+I_B4001_23983.09+I_B0702_21074.49+I_B4501_31479.17+I_B5701_21833.94+I_A1101_24099.38+I_B5101_26881.35+I_A2601_24713.58+I_B3503_43645.72+I_B5801_17664.95+I_B4801_32354.88+I_A0206_8791.47+I_A0211_27119.73+I_B5301_26470.93+I_B4402_28433.14+I_B4403_40598.07+I_A3002_27726.19+I_A2301_31321.19+I_B1801_29061.71+I_A0201_27744.51+I_B0801_28760.17+I_B1402_26907.84+I_A0203_22508.96+I_A0101_32131.62+I_B3801_39029.81+I_A3101_30466.52+I_B2705_29917.74+I_A3301_39560.84+I_A2402_40592.81+I_A0301_36158.28+N_A0101_38208.8+N_A0201_27944.8+N_A0301_34924.4+N_A2402_43934.7+N_A2601_32192.5+N_B0702_16277.5+N_B0801_25202.6+N_B2705_37232.2+N_B4001_30505.1+N_B5801_14950.3+N_B1501_14964","datai_mtb_esxa/esxa_iedb.csv"
"esxa","I_A01+I_A02+I_A03+I_A24+I_A26+I_B07+I_B08+I_B27+I_B44+I_B58+I_B62+N_A01+N_A02+N_A03+N_A24+N_A26+N_B07+N_B08+N_B27+N_B44+N_B58+N_B62","SEAGQAMAS","I+N+S","1+P9WNK7_ESXA","I_B4501_137.88+I_B4403_2523.74+I_B4001_4436.3+I_B1801_1801.7+I_B4402_4601.05+I_B4801_29292.18+I_A3201_23584.49+I_B1402_24557.91+I_B0702_25576.75+I_B1501_20522.96+I_B3501_25934.56+I_A2601_28523.72+I_A6601_20438.98+I_B3503_44872.02+I_A0211_37076.59+I_A6801_34880.94+I_A3002_25382.4+I_A1101_32785.16+I_A0206_21654.44+I_B5101_34378.88+I_A0301_34714.16+I_B5301_41116.62+I_B0801_31495.51+I_B3801_39282.73+I_A0201_38360.79+I_A0203_30983.8+I_B1517_40834.63+I_B2705_33976.17+I_A0101_36108.62+I_B5701_31887.1+I_A3001_34785.96+I_B5801_31649.93+I_A2402_44886.57+I_A3301_44859.89+I_A2301_43673.57+I_A3101_40738.89+N_A0101_37411.1+N_A0201_37965.6+N_A0301_36563.1+N_A2402_44618.8+N_A2601_36280.9+N_B0702_25163.6+N_B0801_28737.2+N_B2705_32715+N_B4001_5643.4+N_B5801_39049.2+N_B1501_21619.6","datai_mtb_esxa/esxa_iedb.csv"
"esxa","I_A01+I_A02+I_A03+I_A24+I_A26+I_B07+I_B08+I_B27+I_B44+I_B58+I_B62+N_A01+N_A02+N_A03+N_A24+N_A26+N_B07+N_B08+N_B27+N_B44+N_B58+N_B62","SEAYQGVQQ","I+N+S","1+P9WNK7_ESXA","I_B4501_2988.53+I_B4001_2588.09+I_B4402_4416.91+I_B4403_3674.93+I_B1801_11388.97+I_B4801_26045.07+I_B1501_17017.14+I_A3201_36701.83+I_A6801_29876.32+I_B3503_44564.3+I_B0702_28094.91+I_A6601_21480.13+I_A2601_30046.85+I_B5101_33101.3+I_B1402_31488.36+I_A3002_31368.33+I_A1101_35803.23+I_B5801_30871.03+I_B3501_33926.59+I_B5301_40342.35+I_B3801_38211.65+I_A0211_43510.4+I_B1517_39586.54+I_A2402_44150.6+I_B2705_34834.18+I_A0301_39127.92+I_B5701_33535.34+I_B0801_36037.59+I_A3001_34060.1+I_A2301_43312.18+I_A0206_38975.38+I_A0101_35826.1+I_A3101_39280.2+I_A0203_39421.96+I_A0201_40978.04+I_A3301_44800.71+N_A0101_40563+N_A0201_43324.4+N_A0301_40024.5+N_A2402_47278.3+N_A2601_40844.8+N_B0702_35937.5+N_B0801_38285.3+N_B2705_36815.2+N_B4001_19074.8+N_B5801_41979.2+N_B1501_25837.7","datai_mtb_esxa/esxa_iedb.csv"
"esxa","I_A01+I_A02+I_A03+I_A24+I_A26+I_B07+I_B08+I_B27+I_B44+I_B58+I_B62+N_A01+N_A02+N_A03+N_A24+N_A26+N_B07+N_B08+N_B27+N_B44+N_B58+N_B62","SGSEAYQGV","I+N+S","1+P9WNK7_ESXA","I_A0211_818.03+I_A0206_2258.11+I_A0203_4656.13+I_B4402_25664.9+I_A0201_16973.57+I_B1517_17111.12+I_B4001_23385.54+I_A3001_12142.61+I_B4403_37396.48+I_B4501_37399.33+I_B5101_29405.86+I_A0101_23239.24+I_B0702_28759.56+I_A2402_28903.68+I_A3002_19017.55+I_A2601_28964.1+I_B4801_37618.48+I_B5701_21029.62+I_B1801_32372.39+I_B3801_37927.45+I_A6601_21950.25+I_B1501_22722.57+I_B2705_27347.21+I_B3501_28473.16+I_B5801_13463.52+I_B0801_26824.98+I_A1101_28926.51+I_A2301_37855.7+I_B1402_23342.56+I_B5301_40430.18+I_A3201_38484.26+I_A3101_31999.08+I_A0301_35299.73+I_B3503_47435.64+I_A6801_43542.88+I_A3301_44519.95+N_A0101_34913.8+N_A0201_11699.1+N_A0301_35448.2+N_A2402_28462.7+N_A2601_33149.4+N_B0702_32938+N_B0801_24613+N_B2705_36453.3+N_B4001_33571.7+N_B5801_17897.7+N_B1501_24509.6","datai_mtb_esxa/esxa_iedb.csv"
"esxa","I_A01+I_A02+I_A03+I_A24+I_A26+I_B07+I_B08+I_B27+I_B44+I_B58+I_B62+N_A01+N_A02+N_A03+N_A24+N_A26+N_B07+N_B08+N_B27+N_B44+N_B58+N_B62","SIHSLLDEG","I+N+S","1+P9WNK7_ESXA","I_A0211_16807.45+I_A3001_9216.84+I_A0203_8101.85+I_A2601_27772.72+I_B1501_16118.56+I_A0206_11903.51+I_B4501_33459.23+I_A6801_28495.04+I_A1101_28988.86+I_B4801_33901.64+I_A6601_30452.69+I_A0201_20729.85+I_A3002_29481.03+I_B4402_32439.35+I_B0702_29021.82+I_A0101_28474.71+I_B3501_18451.44+I_B4403_42914.73+I_B5101_32222.82+I_B0801_36300.57+I_B1517_40147.72+I_B5701_26527.12+I_B5301_34152.73+I_B4001_27038.58+I_B1402_37336.64+I_A3201_33735.14+I_A0301_35708.43+I_B5801_23792.36+I_A2301_38471.78+I_B3801_44982.84+I_A3101_32270.28+I_A3301_41087.7+I_B1801_34433.22+I_B3503_46860.73+I_A2402_41494.7+I_B2705_32787.99+N_A0101_38431+N_A0201_30710.4+N_A0301_38205+N_A2402_41169.6+N_A2601_39061.5+N_B0702_33528.1+N_B0801_31665+N_B2705_38426.4+N_B4001_39607.9+N_B5801_24465.6+N_B1501_18436.7","datai_mtb_esxa/esxa_iedb.csv"
"esxa","I_A01+I_A02+I_A03+I_A24+I_A26+I_B07+I_B08+I_B27+I_B44+I_B58+I_B62+N_A01+N_A02+N_A03+N_A24+N_A26+N_B07+N_B08+N_B27+N_B44+N_B58+N_B62","SLLDEGKQS","I+N+S","1+P9WNK7_ESXA","I_A0211_1864.72+I_A0203_9111.05+I_A0201_23394.89+I_B3503_44200.31+I_B4402_30081.65+I_A0206_14844.39+I_B4403_42047.9+I_A1101_32131.26+I_B1501_28592.94+I_B0801_35702.27+I_B4801_38363.7+I_B1517_40021.52+I_B0702_33285.55+I_B5701_32710.39+I_A6601_29636.47+I_A2601_33717.27+I_B4001_31483.25+I_B1402_35892.82+I_B4501_45069.09+I_B2705_35247.43+I_A3201_43337.5+I_A3001_23182.23+I_A3002_34509.7+I_A0301_40087.38+I_A2301_40807.25+I_A3101_35485.43+I_B3501_36474.2+I_B5101_35873.43+I_A6801_41613.84+I_A0101_34407.16+I_B1801_36672.04+I_B5301_44311.39+I_B5801_36241.29+I_A3301_44582.61+I_B3801_44735.32+I_A2402_45466.29+N_A0101_42834+N_A0201_15733.6+N_A0301_37943.1+N_A2402_46445.3+N_A2601_42958.9+N_B0702_37938.1+N_B0801_36839.1+N_B2705_38901.6+N_B4001_41392.9+N_B5801_42506.2+N_B1501_28392.9","datai_mtb_esxa/esxa_iedb.csv"
"esxa","I_A01+I_A02+I_A03+I_A24+I_A26+I_B07+I_B08+I_B27+I_B44+I_B58+I_B62+N_A01+N_A02+N_A03+N_A24+N_A26+N_B07+N_B08+N_B27+N_B44+N_B58+N_B62","SLTKLAAAW","I+N+S","1+P9WNK7_ESXA","I_B4402_1000.55+I_B4403_4374.05+I_B5701_3493.86+I_B5801_1107+I_B5301_7287.31+I_B1517_385.24+I_A3201_1952.77+I_B1501_3974.56+I_B0801_15462.92+I_A2402_13472.56+I_B0702_12422.47+I_A2601_20982.57+I_B3801_23904.08+I_B1801_15494.57+I_A2301_21622.61+I_A0203_9635.85+I_B1402_16370.07+I_A0301_20238.51+I_A0211_19903.64+I_A0201_13707.97+I_A3002_16983.86+I_A0206_12291.17+I_B2705_21687.03+I_B3501_17249.05+I_A0101_25485.04+I_B4801_27978.13+I_B4501_35452.06+I_B4001_27875.99+I_A3301_32086.79+I_A6801_28262.3+I_A1101_30230.44+I_B3503_42406.09+I_A3101_24085.81+I_A6601_17050.88+I_A3001_24523.12+I_B5101_29519.02+N_A0101_30163.1+N_A0201_16393.8+N_A0301_23666+N_A2402_9714.3+N_A2601_21621.4+N_B0702_20077.8+N_B0801_13475.8+N_B2705_22381.4+N_B4001_29286.2+N_B5801_229.9+N_B1501_1647.3","datai_mtb_esxa/esxa_iedb.csv"
"esxa","I_A01+I_A02+I_A03+I_A24+I_A26+I_B07+I_B08+I_B27+I_B44+I_B58+I_B62+N_A01+N_A02+N_A03+N_A24+N_A26+N_B07+N_B08+N_B27+N_B44+N_B58+N_B62","STEGNVTGM","I+N+S","1+P9WNK7_ESXA","I_A2601_2300.72+I_B1517_34.69+I_A0101_11718.22+I_A0211_6131.71+I_A6601_12734.65+I_B5701_13274.04+I_B4001_17078.21+I_B0702_11381.21+I_A3201_13543+I_B1801_19129.61+I_A1101_18855.48+I_B1501_16918.93+I_A6801_23610.28+I_B5801_16840.58+I_B3501_11504.9+I_A0206_7570.54+I_B4801_31710.59+I_B3503_43120.46+I_A3002_10738.09+I_B1402_11149.27+I_A0203_12393.87+I_A0201_18384.69+I_B4402_28782.27+I_B0801_22386.29+I_B4403_41066.38+I_A3101_26217.82+I_B5301_28859.61+I_A3001_17421.98+I_B3801_35386.53+I_A2402_39964.82+I_A0301_32171.97+I_B2705_24715.44+I_A2301_38555.95+I_B4501_42443.74+I_A3301_44072.31+I_B5101_33445.84+N_A0101_6289.7+N_A0201_19492.5+N_A0301_30454.7+N_A2402_36756.7+N_A2601_2426.3+N_B0702_16730.9+N_B0801_28925.9+N_B2705_33530.6+N_B4001_25148.7+N_B5801_18127.5+N_B1501_12409.8","datai_mtb_esxa/esxa_iedb.csv"
"esxa","I_A01+I_A02+I_A03+I_A24+I_A26+I_B07+I_B08+I_B27+I_B44+I_B58+I_B62+N_A01+N_A02+N_A03+N_A24+N_A26+N_B07+N_B08+N_B27+N_B44+N_B58+N_B62","TATELNNAL","I+N+S","1+P9WNK7_ESXA","I_B1402_1673.86+I_B3501_90.12+I_B5301_5595.3+I_B0702_4569.05+I_B3801_15799.13+I_B4801_15709.8+I_B4001_8484.67+I_B0801_8568.9+I_B1517_9007.15+I_A2601_19280.06+I_A0206_1193.04+I_B5701_12115.17+I_A0101_21390.84+I_B5801_9303.41+I_B3503_39566.84+I_A3201_18244.4+I_B1801_19733.6+I_A6801_20169.87+I_B4402_20966.46+I_A0201_11740.18+I_A2301_29344.52+I_B5101_17956.51+I_A6601_19705.01+I_A0203_9112.23+I_A3301_31325.6+I_B2705_22708.31+I_B1501_13279.07+I_A2402_31218.67+I_B4403_37026.08+I_A0211_27862.42+I_A1101_29276.01+I_B4501_39474.47+I_A3001_17153.2+I_A3101_28249.76+I_A3002_23464.36+I_A0301_34170.84+N_A0101_28857.7+N_A0201_14865+N_A0301_38986.3+N_A2402_34865.1+N_A2601_17009.2+N_B0702_4181.7+N_B0801_11670.3+N_B2705_33600.7+N_B4001_13239.5+N_B5801_9770.3+N_B1501_13798","datai_mtb_esxa/esxa_iedb.csv"
"esxa","I_A01+I_A02+I_A03+I_A24+I_A26+I_B07+I_B08+I_B27+I_B44+I_B58+I_B62+N_A01+N_A02+N_A03+N_A24+N_A26+N_B07+N_B08+N_B27+N_B44+N_B58+N_B62","TEGNVTGMF","I+N+S","1+P9WNK7_ESXA","I_B1801_543.38+I_B4402_561.27+I_B4403_580.19+I_B4001_686.11+I_A2301_4804.24+I_A2402_12292.37+I_B1501_3683.89+I_B4501_9419.58+I_A3201_21885.27+I_A2601_16416+I_B5301_30992.17+I_A6601_8343.11+I_B3801_27767.62+I_B3503_44876.39+I_B5701_21813.41+I_A0101_23916.49+I_A3002_4368.94+I_B3501_14247.05+I_B2705_25859.17+I_B4801_31418.95+I_B1517_26620.28+I_B1402_20133.01+I_A6801_33477.34+I_B5801_28443.91+I_B0702_19826.7+I_A0301_31334.41+I_A1101_33025.12+I_A0211_39433.91+I_A0201_33664.03+I_A0206_28013.26+I_B0801_21306.53+I_A0203_31371.39+I_A3301_42745.13+I_B5101_30634.11+I_A3101_34656.36+I_A3001_28076.07+N_A0101_29560.2+N_A0201_39461.7+N_A0301_36701+N_A2402_20343.2+N_A2601_19772.9+N_B0702_29178+N_B0801_31479.2+N_B2705_27476.5+N_B4001_2014.8+N_B5801_29899.3+N_B1501_5030.4","datai_mtb_esxa/esxa_iedb.csv"
"esxa","I_A01+I_A02+I_A03+I_A24+I_A26+I_B07+I_B08+I_B27+I_B44+I_B58+I_B62+N_A01+N_A02+N_A03+N_A24+N_A26+N_B07+N_B08+N_B27+N_B44+N_B58+N_B62","TELNNALQN","I+N+S","1+P9WNK7_ESXA","I_B4402_6189.16+I_B4403_3161.73+I_B4001_4944.62+I_B1801_5392.5+I_B4501_15073.89+I_A3201_39453.55+I_A2301_33893.2+I_B4801_34156.78+I_B5301_36722.47+I_B3501_33552.41+I_B1402_35695.31+I_B1517_37973.85+I_B5101_31665.7+I_A0211_41996.95+I_A6601_25791.01+I_A6801_39415.58+I_A0206_32975.13+I_B2705_33759.24+I_A2402_40926.64+I_A1101_35748.27+I_B5701_28559.54+I_B3801_40048.37+I_B5801_32833.8+I_A0301_38162.91+I_B3503_47244.59+I_A0101_34358.05+I_B1501_37486.43+I_A3002_32179.98+I_A2601_35375.8+I_A0203_37728.52+I_A0201_40837.74+I_A3301_45124.23+I_B0801_35632.41+I_B0702_35591.57+I_A3101_40199.43+I_A3001_36768.59+N_A0101_42332.8+N_A0201_44680.2+N_A0301_41764.1+N_A2402_45352.3+N_A2601_45189.7+N_B0702_40607.7+N_B0801_38928.6+N_B2705_35623.2+N_B4001_26255.3+N_B5801_39606.2+N_B1501_38362","datai_mtb_esxa/esxa_iedb.csv"
"esxa","I_A01+I_A02+I_A03+I_A24+I_A26+I_B07+I_B08+I_B27+I_B44+I_B58+I_B62+N_A01+N_A02+N_A03+N_A24+N_A26+N_B07+N_B08+N_B27+N_B44+N_B58+N_B62","TEQQWNFAG","I+N+S","1+P9WNK7_ESXA","I_B4501_274.75+I_B4402_1654.07+I_B4403_2367.64+I_B1801_2360.25+I_B4001_6906.92+I_A3201_31061.32+I_B1402_22304.34+I_A2301_26424.01+I_B3501_19023.93+I_A2402_30285.1+I_B4801_30044.25+I_B3801_34459.68+I_A3301_35240.57+I_B1501_15822.91+I_B3503_45454.97+I_A6601_19634.36+I_A0211_36231.5+I_A6801_40214.24+I_A2601_31536.45+I_A3002_26289.41+I_A0201_36372.11+I_A1101_35857.51+I_B2705_31109.1+I_B5301_33260.73+I_B5701_27220.87+I_A0101_35211.6+I_A0206_37040.91+I_B1517_41737.86+I_B0801_34405.3+I_A3101_34843.21+I_B5801_28635.65+I_A3001_35868.75+I_A0301_40809.91+I_B5101_34600.17+I_A0203_40089.12+I_B0702_32552.92+N_A0101_37242.6+N_A0201_37716.7+N_A0301_40050.5+N_A2402_37214+N_A2601_42849.8+N_B0702_32381.1+N_B0801_23946.8+N_B2705_28565.1+N_B4001_4395+N_B5801_34354+N_B1501_26236.3","datai_mtb_esxa/esxa_iedb.csv"
"esxa","I_A01+I_A02+I_A03+I_A24+I_A26+I_B07+I_B08+I_B27+I_B44+I_B58+I_B62+N_A01+N_A02+N_A03+N_A24+N_A26+N_B07+N_B08+N_B27+N_B44+N_B58+N_B62","TISEAGQAM","I+N+S","1+P9WNK7_ESXA","I_A2601_2720.87+I_B3501_93.44+I_B1501_171.17+I_B1402_2685.91+I_A0211_960.11+I_B0702_1516.15+I_B1801_10681.42+I_B1517_4975.53+I_B4402_15658.72+I_A0206_1344.28+I_B4001_14740.83+I_A0203_2942.42+I_B4801_27829.88+I_B5301_27271.29+I_A0101_21965.93+I_B5701_16909.78+I_A0201_10516.18+I_B0801_13415.54+I_A1101_19239.21+I_A2402_25916.32+I_A3201_26825.28+I_B4403_37649.82+I_A6801_27086.02+I_B5801_12723.23+I_A6601_21159.27+I_B3801_33154.01+I_A3002_17786.54+I_A0301_27632.46+I_B3503_43590.02+I_B2705_26884.86+I_B5101_27605.26+I_A2301_39166.88+I_A3001_17987.62+I_A3101_28636.6+I_B4501_45685.23+I_A3301_40101.68+N_A0101_22773.3+N_A0201_14399.5+N_A0301_29235.5+N_A2402_35487.7+N_A2601_1620.3+N_B0702_1899.5+N_B0801_13811.3+N_B2705_36680+N_B4001_23829.5+N_B5801_25029.2+N_B1501_498","datai_mtb_esxa/esxa_iedb.csv"
"esxa","I_A01+I_A02+I_A03+I_A24+I_A26+I_B07+I_B08+I_B27+I_B44+I_B58+I_B62+N_A01+N_A02+N_A03+N_A24+N_A26+N_B07+N_B08+N_B27+N_B44+N_B58+N_B62","TKLAAAWGG","I+N+S","1+P9WNK7_ESXA","I_B4801_26508.19+I_B4402_27835.3+I_B2705_11560.42+I_B4403_28829.35+I_B3801_32463.94+I_B5301_35723.91+I_B5701_19184.54+I_B4501_34297.14+I_B3501_30374.04+I_A3001_20348.07+I_A0206_26069.03+I_A0211_33649.84+I_A3301_39272.96+I_A3201_33608.72+I_B5101_33676.43+I_B5801_23765.08+I_A2402_36853.03+I_B1801_25645.46+I_A6601_26780.04+I_A2301_33213.61+I_A0201_33592.01+I_B3503_46468.93+I_A6801_40779.89+I_B1402_36166.49+I_B4001_30610.25+I_A2601_33246.31+I_B1517_39898.72+I_A3002_29934.57+I_A0203_33562.21+I_B0702_33686.64+I_A0101_31861.24+I_B0801_33638.92+I_B1501_35200.93+I_A1101_38550.11+I_A3101_38177.36+I_A0301_42883.19+N_A0101_44656.5+N_A0201_39427.1+N_A0301_40740.6+N_A2402_40602.9+N_A2601_45281.7+N_B0702_42333.2+N_B0801_33020.1+N_B2705_19215.3+N_B4001_32955.5+N_B5801_28637.8+N_B1501_36741.5","datai_mtb_esxa/esxa_iedb.csv"
"esxa","I_A01+I_A02+I_A03+I_A24+I_A26+I_B07+I_B08+I_B27+I_B44+I_B58+I_B62+N_A01+N_A02+N_A03+N_A24+N_A26+N_B07+N_B08+N_B27+N_B44+N_B58+N_B62","TSIHSLLDE","I+N+S","1+P9WNK7_ESXA","I_A6601_12602.38+I_B5801_13099.12+I_A1101_15634.69+I_A6801_21528.52+I_B1517_14024.52+I_A0101_26179.84+I_B5701_15315.57+I_A2601_24729.07+I_B4001_22648.19+I_A2301_27985.69+I_A0206_13054.98+I_B1402_31248.08+I_B1501_31351.02+I_A3001_21930.07+I_A3002_23833.32+I_B3501_29265.88+I_B4403_41002.89+I_B5301_35175.81+I_B4402_33188.45+I_A0301_32272.73+I_A3301_35050.06+I_A0203_25524.5+I_A2402_41275.28+I_B4501_43901.45+I_A3101_25285.35+I_A3201_39875.41+I_B4801_35994.32+I_B1801_34264.49+I_B3503_46025.58+I_B2705_35891.27+I_B0801_33849.23+I_B0702_29991.63+I_B5101_34826.28+I_A0201_33878.17+I_B3801_44727.56+I_A0211_45841.21+N_A0101_32862.6+N_A0201_35460.9+N_A0301_27039.2+N_A2402_44224.2+N_A2601_35878.8+N_B0702_39080.1+N_B0801_38884+N_B2705_40473.5+N_B4001_44161.1+N_B5801_18233.5+N_B1501_29541.7","datai_mtb_esxa/esxa_iedb.csv"
"esxa","I_A01+I_A02+I_A03+I_A24+I_A26+I_B07+I_B08+I_B27+I_B44+I_B58+I_B62+N_A01+N_A02+N_A03+N_A24+N_A26+N_B07+N_B08+N_B27+N_B44+N_B58+N_B62","VQQKWDATA","I+N+S","1+P9WNK7_ESXA","I_B4501_4963.06+I_A0211_390.18+I_A0206_1735.06+I_B1501_1172.58+I_B4801_17985.68+I_A3002_8996.14+I_A0201_5947.31+I_A0203_5177.92+I_B1801_18518.04+I_A2402_18589.31+I_B2705_15775.55+I_A2301_21881.71+I_B3801_33659.3+I_B4001_23698.06+I_A3201_31470.32+I_A3101_21283.25+I_A6601_19946.98+I_A3001_19261.5+I_B1402_21297.99+I_A0101_30239.92+I_B3503_42995.14+I_B0702_26980.71+I_B4402_29935.86+I_B0801_24690.59+I_B5801_27749.61+I_A1101_32079.15+I_B3501_23770.49+I_A2601_32169.87+I_B5701_28267.18+I_B1517_35990.05+I_B4403_42261.8+I_B5101_32415.16+I_A0301_38084.11+I_B5301_35795.47+I_A3301_43988.94+I_A6801_43597.56+N_A0101_35635.9+N_A0201_6938.7+N_A0301_33653.9+N_A2402_32467.8+N_A2601_39633.2+N_B0702_29531.5+N_B0801_22830.5+N_B2705_18601.4+N_B4001_16819.1+N_B5801_29361+N_B1501_2921.1","datai_mtb_esxa/esxa_iedb.csv"
"esxa","I_A01+I_A02+I_A03+I_A24+I_A26+I_B07+I_B08+I_B27+I_B44+I_B58+I_B62+N_A01+N_A02+N_A03+N_A24+N_A26+N_B07+N_B08+N_B27+N_B44+N_B58+N_B62","VTSIHSLLD","I+N+S","1+P9WNK7_ESXA","I_B1517_3256.02+I_A0101_14886.69+I_B5801_9411.43+I_A1101_12698.19+I_B5701_9217.64+I_A3201_24351.52+I_A2402_26543.21+I_A6601_24453.43+I_A0301_19808.69+I_A2601_27230.58+I_A3002_21764.13+I_B5301_32749.36+I_B5101_30216.37+I_A3001_11364.35+I_A2301_32840.54+I_A6801_25837.65+I_A0206_22325.09+I_A3301_33766.92+I_A0211_38056.52+I_A0203_24090.24+I_B3501_31915.06+I_B4801_34307.54+I_B3503_46089.38+I_A3101_29338.8+I_B1801_29893.15+I_B3801_41499.65+I_B1501_31651.97+I_A0201_30832.96+I_B4001_28249.76+I_B4403_43588.14+I_B0801_32232.23+I_B1402_36779.33+I_B4402_35532.31+I_B2705_36684.74+I_B0702_31008.26+I_B4501_45819.9+N_A0101_16176+N_A0201_36622.1+N_A0301_26326.1+N_A2402_38739.5+N_A2601_41384.4+N_B0702_37538.4+N_B0801_34495.9+N_B2705_38154.2+N_B4001_41831.9+N_B5801_4926.5+N_B1501_31941","datai_mtb_esxa/esxa_iedb.csv"
"esxa","I_A01+I_A02+I_A03+I_A24+I_A26+I_B07+I_B08+I_B27+I_B44+I_B58+I_B62+N_A01+N_A02+N_A03+N_A24+N_A26+N_B07+N_B08+N_B27+N_B44+N_B58+N_B62","WDATATELN","I+N+S","1+P9WNK7_ESXA","I_B3501_20173.57+I_B1801_26408.29+I_A0101_22933.5+I_B4402_30261.21+I_B4801_34299.73+I_B3801_32578.29+I_B4001_25767.85+I_A6801_30339.54+I_B5301_34046.09+I_A6601_24924.63+I_B5101_33130.35+I_B4403_38219.51+I_A2402_35827.64+I_B2705_35545.76+I_A2301_35362.41+I_A2601_29566.01+I_B3503_45942.99+I_B0702_35226.46+I_A3201_41536.49+I_B1402_32070.48+I_B4501_43996.57+I_A0206_37770.59+I_B5801_24850.85+I_A3301_42512.66+I_A0211_43518.88+I_B1517_42726.64+I_A0201_41344.57+I_B1501_36642.7+I_A0203_41251.17+I_B5701_32313.26+I_A1101_37109.1+I_A3002_31412.14+I_A3001_37484.8+I_A0301_39322.71+I_A3101_40322.71+I_B0801_35037.54+N_A0101_33701.9+N_A0201_45506.7+N_A0301_44042.8+N_A2402_44262.5+N_A2601_41408.6+N_B0702_41537.4+N_B0801_41686.9+N_B2705_39641+N_B4001_41807.9+N_B5801_33968.5+N_B1501_39559.1","datai_mtb_esxa/esxa_iedb.csv"
"esxa","I_A01+I_A02+I_A03+I_A24+I_A26+I_B07+I_B08+I_B27+I_B44+I_B58+I_B62+N_A01+N_A02+N_A03+N_A24+N_A26+N_B07+N_B08+N_B27+N_B44+N_B58+N_B62","WGGSGSEAY","I+N+S","1+P9WNK7_ESXA","I_B3501_44.98+I_A3002_648.2+I_B1501_504.25+I_A0101_5976.6+I_B5301_19560.99+I_B1801_17565.08+I_B3801_26697.3+I_A6601_19038.76+I_B4402_25849.39+I_B5801_16884.54+I_B1517_23474+I_A2601_25399.15+I_B4403_38442.24+I_B4801_27519.67+I_B1402_18103.4+I_B5701_27175.85+I_A0211_32501.54+I_B4001_26064.53+I_A6801_31125.59+I_B2705_27578.69+I_A0301_29834.99+I_A1101_29577.85+I_B3503_45729.24+I_A2301_39186.81+I_B0702_26229.46+I_A3201_41109.06+I_B0801_22802.6+I_A3001_30312.32+I_B5101_32191.81+I_A0206_37013.66+I_A2402_42027.43+I_A0201_35718.5+I_A3301_40975.4+I_B4501_44843.87+I_A3101_35742.46+I_A0203_41164.25+N_A0101_8694.5+N_A0201_40671.9+N_A0301_30500.5+N_A2402_39259+N_A2601_28071.2+N_B0702_30997.2+N_B0801_31628.7+N_B2705_32088.5+N_B4001_38260.9+N_B5801_15228+N_B1501_2010.6","datai_mtb_esxa/esxa_iedb.csv"
"esxa","I_A01+I_A02+I_A03+I_A24+I_A26+I_B07+I_B08+I_B27+I_B44+I_B58+I_B62+N_A01+N_A02+N_A03+N_A24+N_A26+N_B07+N_B08+N_B27+N_B44+N_B58+N_B62","WNFAGIEAA","I+N+S","1+P9WNK7_ESXA","I_B4801_11448.65+I_B1402_4049.83+I_B3501_8965.14+I_B1801_11225.16+I_B4501_18374.15+I_B3801_22145.15+I_A0211_2335.48+I_A0206_2426.25+I_B1501_5774.77+I_B0801_16282.62+I_B2705_23731.17+I_A0201_12549.18+I_A0203_8343.92+I_A2601_24755.05+I_A3301_25607.49+I_B4001_20223.4+I_A0101_19827.77+I_A6801_27379.79+I_A2301_34454.48+I_A3201_39356.35+I_B0702_22628.36+I_B5101_29610.83+I_B5801_27377.42+I_A3001_20847.03+I_A6601_19621.19+I_B5301_40238.16+I_B4402_32964.07+I_B4403_41976.97+I_B3503_45577.11+I_A3101_32034.41+I_B1517_38379.05+I_B5701_31996.32+I_A0301_35386.53+I_A3002_28406.38+I_A1101_37589.99+I_A2402_42238.04+N_A0101_29413.8+N_A0201_10927.6+N_A0301_34709.3+N_A2402_36561.1+N_A2601_25790.2+N_B0702_27055.3+N_B0801_13848.2+N_B2705_16762.6+N_B4001_12349.4+N_B5801_25414.3+N_B1501_11206.2","datai_mtb_esxa/esxa_iedb.csv"
"esxa","I_A01+I_A02+I_A03+I_A24+I_A26+I_B07+I_B08+I_B27+I_B44+I_B58+I_B62+N_A01+N_A02+N_A03+N_A24+N_A26+N_B07+N_B08+N_B27+N_B44+N_B58+N_B62","YQGVQQKWD","I+N+S","1+P9WNK7_ESXA","I_A6601_19440.94+I_B4801_31380.88+I_A0211_39512.93+I_B1501_24484.68+I_B4001_28686.52+I_B2705_30099.23+I_B5301_38716.46+I_B3503_44250.05+I_B5101_33619.64+I_A2402_42673.96+I_B4403_41940.65+I_B1801_36363.86+I_B3801_41883.52+I_B5701_28573.16+I_A0206_37662.06+I_B1517_41512.66+I_A2301_41208.36+I_B5801_26226.9+I_B4402_34482.82+I_A0203_38320.97+I_A3002_33527+I_A2601_35675.61+I_B1402_38024.43+I_A0101_35006.85+I_B3501_37382.33+I_B4501_45606.72+I_A3001_31866.07+I_A3101_41753.2+I_A0301_41945.2+I_A1101_42980.26+I_A3201_45382.74+I_B0801_28637.52+I_A3301_47512.18+I_B0702_38466.77+I_A0201_42080.21+I_A6801_45783.21+N_A0101_45987.8+N_A0201_44393.9+N_A0301_45243+N_A2402_45322.4+N_A2601_47177.7+N_B0702_45577.1+N_B0801_39105.1+N_B2705_36525.9+N_B4001_42868.3+N_B5801_38696.4+N_B1501_39381.1","datai_mtb_esxa/esxa_iedb.csv"
